symbol,peers
RELIANCE,"BHARTIARTL,TCS,HDFCBANK,ICICIBANK,INFY,ITC,TITAN"
TCS,"INFY,WIPRO,HCLTECH,TECHM,LTIMINDTS,LTTS"
INFY,"TCS,WIPRO,HCLTECH,TECHM,LTIMINDTS,LTTS"
WIPRO,"TCS,INFY,HCLTECH,TECHM,LTIMINDTS"
HCLTECH,"TCS,INFY,WIPRO,TECHM,LTIMINDTS"
TECHM,"TCS,INFY,WIPRO,HCLTECH,LTIMINDTS"
LTIMINDTS,"TCS,INFY,WIPRO,HCLTECH,TECHM,LTTS"
LTTS,"TCS,INFY,WIPRO,HCLTECH,LTIMINDTS"
HDFCBANK,"ICICIBANK,AXISBANK,KOTAKBANK,SBIN,INDUSINDBK"
ICICIBANK,"HDFCBANK,AXISBANK,KOTAKBANK,SBIN,INDUSINDBK"
AXISBANK,"HDFCBANK,ICICIBANK,KOTAKBANK,SBIN,INDUSINDBK"
KOTAKBANK,"HDFCBANK,ICICIBANK,AXISBANK,SBIN,INDUSINDBK"
SBIN,"HDFCBANK,ICICIBANK,AXISBANK,KOTAKBANK,INDUSINDBK,PNB,BANKBARODA"
INDUSINDBK,"HDFCBANK,ICICIBANK,AXISBANK,KOTAKBANK,SBIN"
PNB,"SBIN,BANKBARODA,HDFCBANK,ICICIBANK,AXISBANK"
BANKBARODA,"SBIN,PNB,HDFCBANK,ICICIBANK,AXISBANK"
MARUTI,"M&M,HYUNDAI,BAJAJ-AUTO,EICHERMOT,HEROMOTOCO"
M&M,"MARUTI,HYUNDAI,BAJAJ-AUTO,EICHERMOT,HEROMOTOCO"
HYUNDAI,"MARUTI,M&M,BAJAJ-AUTO,EICHERMOT"
BAJAJ-AUTO,"MARUTI,M&M,HYUNDAI,EICHERMOT,HEROMOTOCO"
EICHERMOT,"MARUTI,M&M,BAJAJ-AUTO,HEROMOTOCO"
HEROMOTOCO,"MARUTI,M&M,BAJAJ-AUTO,EICHERMOT"
TATASTEEL,"JSWSTEEL,BHARATFORG,HINDALCO,VEDL"
JSWSTEEL,"TATASTEEL,BHARATFORG,HINDALCO,VEDL"
NTPC,"POWERGRID,TATAPOWER,ADANIPOWER"
POWERGRID,"NTPC,TATAPOWER,ADANIPOWER"
TATAPOWER,"NTPC,POWERGRID,ADANIPOWER"
ADANIPOWER,"NTPC,POWERGRID,TATAPOWER"
ASIANPAINT,"BERGEPAINT,ASTRAL,KANSAINER"
BERGEPAINT,"ASIANPAINT,ASTRAL,KANSAINER"
