symbol,name,series
20MICRONS,20 Microns Limited,EQ
21STCENMGM,21st Century Management Services Limited,EQ
360ONE,360 ONE WAM LIMITED,EQ
3BBLACKBIO,3B Blackbio Dx Limited,EQ
3MINDIA,3M India Limited,EQ
3PLAND,3P Land Holdings Limited,EQ
5PAISA,5Paisa Capital Limited,EQ
63MOONS,63 moons technologies limited,EQ
A2ZINFRA,A2Z Infra Engineering Limited,EQ
AAATECH,AAA Technologies Limited,EQ
AADHARHFC,Aadhar Housing Finance Limited,EQ
AAKASH,Aakash Exploration Services Limited,EQ
AAREYDRUGS,Aarey Drugs & Pharmaceuticals Limited,EQ
AARON,Aaron Industries Limited,EQ
AARTIDRUGS,Aarti Drugs Limited,EQ
AARTIIND,Aarti Industries Limited,EQ
AARTIPHARM,Aarti Pharmalabs Limited,EQ
AARVI,Aarvi Encon Limited,EQ
AASTHA,Aastha Spintex Limited,EQ
AAVAS,Aavas Financiers Limited,EQ
ABANSENT,Abans Enterprises Limited,EQ
ABB,ABB India Limited,EQ
ABBOTINDIA,Abbott India Limited,EQ
ABCAPITAL,Aditya Birla Capital Limited,EQ
ABCOTS,A B Cotspin India Limited,EQ
ABDL,Allied Blenders and Distillers Limited,EQ
ABFRL,Aditya Birla Fashion and Retail Limited,EQ
ABLBL,Aditya Birla Lifestyle Brands Limited,EQ
ABMKNO,ABM Knowledgeware Limited,EQ
ABREL,Aditya Birla Real Estate Limited,EQ
ABSLAMC,Aditya Birla Sun Life AMC Limited,EQ
ACC,ACC Limited,EQ
ACCELYA,Accelya Solutions India Limited,EQ
ACE,Action Construction Equipment Limited,EQ
ACEINTEG,Ace Integrated Solutions Limited,EQ
ACGL,Automobile Corporation of Goa Limited,EQ
ACI,Archean Chemical Industries Limited,EQ
ACL,Andhra Cements Limited,EQ
ACMESOLAR,Acme Solar Holdings Limited,EQ
ACUTAAS,Acutaas Chemicals Limited,EQ
ADANIENSOL,Adani Energy Solutions Limited,EQ
ADANIENT,Adani Enterprises Limited,EQ
ADANIGREEN,Adani Green Energy Limited,EQ
ADANIPORTS,Adani Ports and Special Economic Zone Limited,EQ
ADANIPOWER,Adani Power Limited,EQ
ADDIND,Addi Industries Limited,EQ
ADFFOODS,ADF Foods Limited,EQ
ADL,Archidply Decor Limited,EQ
ADOR,Ador Welding Limited,EQ
ADROITINFO,Adroit Infotech Limited,EQ
ADSL,Allied Digital Services Limited,EQ
ADVAIT,Advait Energy Transitions Limited,EQ
ADVANCE,Advance Agrolife Limited,EQ
ADVANIHOTR,Advani Hotels & Resorts (India) Limited,EQ
ADVENTHTL,Advent Hotels International Limited,EQ
ADVENZYMES,Advanced Enzyme Technologies Limited,EQ
ADVIKCA,Advik Capital Limited,EQ
AEGISLOG,Aegis Logistics Limited,EQ
AEGISVOPAK,Aegis Vopak Terminals Limited,EQ
AEPL,Artemis Electricals and Projects Limited,EQ
AEQUS,Aequs Limited,EQ
AEROENTER,Aeroflex Enterprises Limited,EQ
AEROFLEX,Aeroflex Industries Limited,EQ
AERONEU,Aeroflex Neu Limited,EQ
AEROPLANE,Amir Chand Jagdish Kumar (Exports) Limited,EQ
AETHER,Aether Industries Limited,EQ
AFCONS,Afcons Infrastructure Limited,EQ
AFFLE,Affle 3i Limited,EQ
AFFORDABLE,Affordable Robotic & Automation Limited,EQ
AFIL,Akme Fintrade (India) Limited,EQ
AFSL,Abans Financial Services Limited,EQ
AGARIND,Agarwal Industrial Corporation Limited,EQ
AGARWALEYE,Dr. Agarwal's Health Care Limited,EQ
AGI,AGI Greenpac Limited,EQ
AGIIL,Agi Infra Limited,EQ
AGL,Allcargo Global Limited,EQ
AGRITECH,Agri-Tech (India) Limited,EQ
AGROPHOS,Agro Phos India Limited,EQ
AHCL,Anlon Healthcare Limited,EQ
AHLADA,Ahlada Engineers Limited,EQ
AHLEAST,Asian Hotels (East) Limited,EQ
AHLUCONT,Ahluwalia Contracts (India) Limited,EQ
AIAENG,AIA Engineering Limited,EQ
AIIL,Authum Investment & Infrastructure Limited,EQ
AIRAN,Airan Limited,EQ
AIROLAM,Airo Lam limited,EQ
AJANTPHARM,Ajanta Pharma Limited,EQ
AJAXENGG,Ajax Engineering Limited,EQ
AJMERA,Ajmera Realty & Infra India Limited,EQ
AJOONI,Ajooni Biotech Limited,EQ
AKASH,Akash Infra-Projects Limited,EQ
AKCAPIT,AK Capital Services Limited,EQ
AKG,Akg Exim Limited,EQ
AKSHAR,Akshar Spintex Limited,EQ
AKUMS,Akums Drugs and Pharmaceuticals Limited,EQ
ALANKIT,Alankit Limited,EQ
ALBERTDAVD,Albert David Limited,EQ
ALEMBICLTD,Alembic Limited,EQ
ALFREDHE,Alfred Herbert India Limited,EQ
ALGOQUANT,Algoquant Fintech Limited,EQ
ALICON,Alicon Castalloy Limited,EQ
ALIVUS,Alivus Life Sciences Limited,EQ
ALKALI,Alkali Metals Limited,EQ
ALKEM,Alkem Laboratories Limited,EQ
ALKYLAMINE,Alkyl Amines Chemicals Limited,EQ
ALLCARGO,Allcargo Logistics Limited,EQ
ALLDIGI,Alldigi Tech Limited,EQ
ALLTIME,All Time Plastics Limited,EQ
ALMONDZ,Almondz Global Securities Limited,EQ
ALOKINDS,Alok Industries Limited,EQ
ALPA,Alpa Laboratories Limited,EQ
ALPINETEX,Alpine Texworld Limited,EQ
ALUFLUOR,Alufluoride Limited,EQ
AMAGI,Amagi Media Labs Limited,EQ
AMAL,Amal Limited,EQ
AMARJOTHI,Amarjothi Spinning Mills Limited,EQ
AMBER,Amber Enterprises India Limited,EQ
AMBICAAGAR,Ambica Agarbathies & Aroma industries Limited,EQ
AMBIKCO,Ambika Cotton Mills Limited,EQ
AMBUJACEM,Ambuja Cements Limited,EQ
AMJLAND,Amj Land Holdings Limited,EQ
AMNPLST,Amines & Plasticizers Limited,EQ
AMRUTANJAN,Amrutanjan Health Care Limited,EQ
ANANDRATHI,Anand Rathi Wealth Limited,EQ
ANANTRAJ,Anant Raj Limited,EQ
ANDHRAPAP,ANDHRA PAPER LIMITED,EQ
ANDHRSUGAR,The Andhra Sugars Limited,EQ
ANDREWYU,Andrew Yule & Company Limited,EQ
ANGELONE,Angel One Limited,EQ
ANIKINDS,Anik Industries Limited,EQ
ANNAPURNA,Annapurna Swadisht Limited,EQ
ANNU,Annu Projects Limited,EQ
ANSALBU,Ansal Buildwell Limited,EQ
ANTELOPUS,Antelopus Selan Energy Limited,EQ
ANTGRAPHIC,Antarctica Limited,EQ
ANTHEM,Anthem Biosciences Limited,EQ
ANUHPHR,Anuh Pharma Limited,EQ
ANUP,The Anup Engineering Limited,EQ
ANURAS,Anupam Rasayan India Limited,EQ
APARINDS,Apar Industries Limited,EQ
APCL,Anjani Portland Cement Limited,EQ
APCOTEXIND,Apcotex Industries Limited,EQ
APEX,Apex Frozen Foods Limited,EQ
APLAPOLLO,APL Apollo Tubes Limited,EQ
APLLTD,Alembic Pharmaceuticals Limited,EQ
APOLLO,Apollo Micro Systems Limited,EQ
APOLLOHOSP,Apollo Hospitals Enterprise Limited,EQ
APOLLOPIPE,Apollo Pipes Limited,EQ
APOLLOTYRE,Apollo Tyres Limited,EQ
APOLSINHOT,Apollo Sindoori Hotels Limited,EQ
APOORVA,Apoorva Leasing Finance and Investment Company Limited,EQ
APTECHT,Aptech Limited,EQ
APTUS,Aptus Value Housing Finance India Limited,EQ
AQYLON,Aqylon Nexus Limited,EQ
ARCHIDPLY,Archidply Industries Limited,EQ
ARCHIES,Archies Limited,EQ
ARCIL,Asset Reconstruction Company (India) Limited,EQ
ARCL,ARCL Organics Limited,EQ
ARDEE,Ardee Industries Limited,EQ
ARE&M,Amara Raja Energy & Mobility Limited,EQ
ARENTERP,Rajdarshan Industries Limited,EQ
ARFIN,Arfin India Limited,EQ
ARIHANT,Arihant Foundations & Housing Limited,EQ
ARIHANTCAP,Arihant Capital Markets Limited,EQ
ARIHANTSUP,Arihant Superstructures Limited,EQ
ARIS,Arisinfra Solutions Limited,EQ
ARKADE,Arkade Developers Limited,EQ
ARMANFIN,Arman Financial Services Limited,EQ
AROGRANITE,Aro Granite Industries Limited,EQ
ARROWGREEN,Arrow Greentech Limited,EQ
ARSSBL,Anand Rathi Share and Stock Brokers Limited,EQ
ARTEMISMED,Artemis Medicare Services Limited,EQ
ARTNIRMAN,Art Nirman Limited,EQ
ARVEE,Arvee Laboratories (India) Limited,EQ
ARVIND,Arvind Limited,EQ
ARVINDFASN,Arvind Fashions Limited,EQ
ARVSMART,Arvind SmartSpaces Limited,EQ
ARYAMAN,Aryaman Financial Services Limited,EQ
ASAHIINDIA,Asahi India Glass Limited,EQ
ASAL,Automotive Stampings and Assemblies Limited,EQ
ASALCBR,Associated Alcohols & Breweries Ltd.,EQ
ASHAPURMIN,Ashapura Minechem Limited,EQ
ASHIANA,Ashiana Housing Limited,EQ
ASHIMASYN,Ashima Limited,EQ
ASHOKA,Ashoka Buildcon Limited,EQ
ASHOKAMET,Ashoka Metcast Limited,EQ
ASHOKLEY,Ashok Leyland Limited,EQ
ASIANENE,Asian Energy Services Limited,EQ
ASIANHOTNR,Asian Hotels (North) Limited,EQ
ASIANPAINT,Asian Paints Limited,EQ
ASIANTILES,Asian Granito India Limited,EQ
ASIANTNE,Asian Tea & Exports Limited,EQ
ASKAUTOLTD,ASK Automotive Limited,EQ
ASMS,Avio Smart Market Stack Limited,EQ
ASPINWALL,Aspinwall and Company Limited,EQ
ASSAMENT,Assam Entrade Limited,EQ
ASTAR,Asian Star Company Limited,EQ
ASTEC,Astec LifeSciences Limited,EQ
ASTERDM,Aster DM Quality Care Limited,EQ
ASTRAL,Astral Limited,EQ
ASTRAMICRO,Astra Microwave Products Limited,EQ
ASTRAZEN,AstraZeneca Pharma India Limited,EQ
ATALREAL,Atal Realtech Limited,EQ
ATAM,Atam Valves Limited,EQ
ATGL,Adani Total Gas Limited,EQ
ATHERENERG,Ather Energy Limited,EQ
ATL,Allcargo Terminals Limited,EQ
ATLANTAA,ATLANTAA LIMITED,EQ
ATLANTAELE,Atlanta Electricals Limited,EQ
ATLASCYCLE,Atlas Cycles (Haryana) Limited,EQ
ATUL,Atul Limited,EQ
ATULAUTO,Atul Auto Limited,EQ
AUBANK,AU Small Finance Bank Limited,EQ
AUGMONT,Augmont Enterprises Limited,EQ
AURIONPRO,Aurionpro Solutions Limited,EQ
AUROPHARMA,Aurobindo Pharma Limited,EQ
AURUM,Aurum PropTech Limited,EQ
AURUS,AURUS GEM CORPORATION LIMITED,EQ
AUSOMENT,Ausom Enterprise Limited,EQ
AUSTENG,Austin Engineering Company  Limited,EQ
AUTOAXLES,Automotive Axles Limited,EQ
AUTOIND,Autoline Industries Limited,EQ
AVADHSUGAR,Avadh Sugar & Energy Limited,EQ
AVALON,Avalon Technologies Limited,EQ
AVANCE,Avance Technologies Limited,EQ
AVANTEL,Avantel Limited,EQ
AVANTIFEED,Avanti Feeds Limited,EQ
AVL,Aditya Vision Limited,EQ
AVONMORE,Avonmore Capital & Management Services Limited,EQ
AVROIND,AVRO INDIA LIMITED,EQ
AVTNPL,AVT Natural Products Limited,EQ
AWFIS,Awfis Space Solutions Limited,EQ
AWHCL,Antony Waste Handling Cell Limited,EQ
AWL,AWL Agri Business Limited,EQ
AXISBANK,Axis Bank Limited,EQ
AXISCADES,AXISCADES Technologies Limited,EQ
AXITA,Axita Cotton Limited,EQ
AXTEL,Axtel Industries Limited,EQ
AYE,Aye Finance Limited,EQ
AYMSYNTEX,AYM Syntex Limited,EQ
AZAD,Azad Engineering Limited,EQ
AZADIND,Azad India Mobility Limited,EQ
BAGFILMS,B.A.G Films and Media Limited,EQ
BAIDFIN,Baid Finserv Limited,EQ
BAJAJ-AUTO,Bajaj Auto Limited,EQ
BAJAJCON,Bajaj Consumer Care Limited,EQ
BAJAJELEC,Bajaj Electricals Limited,EQ
BAJAJFINSV,Bajaj Finserv Limited,EQ
BAJAJHCARE,Bajaj Healthcare Limited,EQ
BAJAJHFL,Bajaj Housing Finance Limited,EQ
BAJAJHIND,Bajaj Hindusthan Sugar Limited,EQ
BAJAJHLDNG,Bajaj Holdings & Investment Limited,EQ
BAJAJINDEF,Indef Manufacturing Limited,EQ
BAJAJST,Bajaj Steel Industries Limited,EQ
BAJEL,Bajel Projects Limited,EQ
BAJFINANCE,Bajaj Finance Limited,EQ
BALAJEE,Shree Tirupati Balajee Agro Trading Company Limited,EQ
BALAJITELE,Balaji Telefilms Limited,EQ
BALAMINES,Balaji Amines Limited,EQ
BALAXI,BALAXI PHARMACEUTICALS LIMITED,EQ
BALKRISHNA,Balkrishna Paper Mills Limited,EQ
BALKRISIND,Balkrishna Industries Limited,EQ
BALMLAWRIE,Balmer Lawrie & Company Limited,EQ
BALPHARMA,Bal Pharma Limited,EQ
BALRAMCHIN,Balrampur Chini Mills Limited,EQ
BALUFORGE,Balu Forge Industries Limited,EQ
BANARBEADS,Banaras Beads Limited,EQ
BANARISUG,Bannari Amman Sugars Limited,EQ
BANCOINDIA,Banco Products (I) Limited,EQ
BANDHANBNK,Bandhan Bank Limited,EQ
BANG,Bang Overseas Limited,EQ
BANKA,Banka BioLoo Limited,EQ
BANKBARODA,Bank of Baroda,EQ
BANKINDIA,Bank of India,EQ
BANSALWIRE,Bansal Wire Industries Limited,EQ
BANSWRAS,Banswara Syntex Limited,EQ
BASF,BASF India Limited,EQ
BATAINDIA,Bata India Limited,EQ
BATLIBOI,Batliboi Limited,EQ
BAYERCROP,Bayer Cropscience Limited,EQ
BBL,Bharat Bijlee Limited,EQ
BBOX,Black Box Limited,EQ
BBTC,The Bombay Burmah Trading Corporation Limited,EQ
BBTCL,B&B Triplewall Containers Limited,EQ
BCG,Brightcom Group Limited,EQ
BCLIND,Bcl Industries Limited,EQ
BCONCEPTS,Brand Concepts Limited,EQ
BCPL,BCPL Railway Infrastructure Limited,EQ
BDL,Bharat Dynamics Limited,EQ
BEARDSELL,Beardsell Limited,EQ
BECTORFOOD,Mrs. Bectors Food Specialities Limited,EQ
BEDMUTHA,Bedmutha Industries Limited,EQ
BEEKAY,Beekay Steel Industries Limited,EQ
BEL,Bharat Electronics Limited,EQ
BELLACASA,Bella Casa Fashion & Retail Limited,EQ
BELRISE,Belrise Industries Limited,EQ
BEML,BEML Limited,EQ
BENARAS,Benares Hotels Limited,EQ
BENGALASM,Bengal & Assam Company Limited,EQ
BEPL,Bhansali Engineering Polymers Limited,EQ
BERGEPAINT,Berger Paints (I) Limited,EQ
BESTAGRO,Best Agrolife Limited,EQ
BETA,Beta Drugs Limited,EQ
BFINVEST,BF Investment Limited,EQ
BFUTILITIE,BF Utilities Limited,EQ
BHAGCHEM,Bhagiradha Chemicals & Industries Limited,EQ
BHAGERIA,Bhageria Industries Limited,EQ
BHAGYANGR,Bhagyanagar India Limited,EQ
BHANDARI,Bhandari Hosiery Exports Limited,EQ
BHARATCOAL,Bharat Coking Coal Limited,EQ
BHARATFORG,Bharat Forge Limited,EQ
BHARATRAS,Bharat Rasayan Limited,EQ
BHARATSE,Bharat Seats Limited,EQ
BHARATWIRE,Bharat Wire Ropes Limited,EQ
BHARTIARTL,Bharti Airtel Limited,EQ
BHARTIHEXA,Bharti Hexacom Limited,EQ
BHEL,Bharat Heavy Electricals Limited,EQ
BIGBLOC,Bigbloc Construction Limited,EQ
BIKAJI,Bikaji Foods International Limited,EQ
BIL,Bhartiya International Limited,EQ
BIMETAL,Bimetal Bearings Limited,EQ
BIOCON,Biocon Limited,EQ
BIOFILCHEM,Biofil Chemicals & Pharmaceuticals Limited,EQ
BIRLACABLE,Birla Cable Limited,EQ
BIRLACORPN,Birla Corporation Limited,EQ
BIRLAMONEY,Aditya Birla Money Limited,EQ
BIRLANU,BirlaNu Limited,EQ
BLACKBUCK,BLACKBUCK LIMITED,EQ
BLAL,BEML Land Assets Limited,EQ
BLBLIMITED,BLB Limited,EQ
BLEL,Behari Lal Engineering Limited,EQ
BLIL,Balmer Lawrie Investments Limited,EQ
BLKASHYAP,B. L. Kashyap and Sons Limited,EQ
BLS,BLS International Services Limited,EQ
BLSE,BLS E-Services Limited,EQ
BLUECLOUDS,Blue Cloud Softech Solutions Limited,EQ
BLUECOAST,Blue Coast Hotels Limited,EQ
BLUEDART,Blue Dart Express Limited,EQ
BLUEJET,Blue Jet Healthcare Limited,EQ
BLUESTARCO,Blue Star Limited,EQ
BLUESTONE,BlueStone Jewellery and Lifestyle Limited,EQ
BLUSPRING,Bluspring Enterprises Limited,EQ
BMWVENTLTD,BMW Ventures Limited,EQ
BNAGROCHEM,BN Agrochem Limited,EQ
BODALCHEM,Bodal Chemicals Limited,EQ
BOHRAIND,Bohra Industries Limited,EQ
BOMDYEING,Bombay Dyeing & Mfg Company Limited,EQ
BONLON,Bonlon Industries Limited,EQ
BORANA,Borana Weaves Limited,EQ
BOROLTD,Borosil Limited,EQ
BORORENEW,BOROSIL RENEWABLES LIMITED,EQ
BOROSCI,Borosil Scientific Limited,EQ
BOSCH-HCIL,BOSCH HOME COMFORT INDIA LIMITED,EQ
BOSCHLTD,Bosch Limited,EQ
BPCL,Bharat Petroleum Corporation Limited,EQ
BPL,BPL Limited,EQ
BPLPHARMA,Bharat Parenterals Limited,EQ
BRAHMINFRA,Brahmaputra Infrastructure Limited,EQ
BRIGADE,Brigade Enterprises Limited,EQ
BRIGHOTEL,Brigade Hotel Ventures Limited,EQ
BRIGHTBR,Bright Brothers Limited,EQ
BRITANNIA,Britannia Industries Limited,EQ
BRNL,Bharat Road Network Limited,EQ
BROOKS,Brooks Laboratories Limited,EQ
BSE,BSE Limited,EQ
BSHSL,Bombay Super Hybrid Seeds Limited,EQ
BSL,BSL Limited,EQ
BSOFT,BIRLASOFT LIMITED,EQ
BTML,Bodhi Tree Multimedia Limited,EQ
BUILDPRO,Shankara Buildpro Limited,EQ
BUTTERFLY,Butterfly Gandhimathi Appliances Limited,EQ
BVCL,Barak Valley Cements Limited,EQ
BYKE,The Byke Hospitality Ltd,EQ
CAMLINFINE,Camlin Fine Sciences Limited,EQ
CAMPUS,Campus Activewear Limited,EQ
CAMS,Computer Age Management Services Limited,EQ
CANBK,Canara Bank,EQ
CANFINHOME,Can Fin Homes Limited,EQ
CANHLIFE,Canara HSBC Life Insurance Company Limited,EQ
CANTABIL,Cantabil Retail India Limited,EQ
CAPACITE,Capacit'e Infraprojects Limited,EQ
CAPILLARY,Capillary Technologies India Limited,EQ
CAPITALSFB,Capital Small Finance Bank Limited,EQ
CAPLIPOINT,Caplin Point Laboratories Limited,EQ
CARBORUNIV,Carborundum Universal Limited,EQ
CARERATING,CARE Ratings Limited,EQ
CARRARO,Carraro India Limited,EQ
CARTRADE,Cartrade Tech Limited,EQ
CARYSIL,CARYSIL LIMITED,EQ
CASTROLIND,Castrol India Limited,EQ
CCAVENUE,AvenuesAI Limited,EQ
CCCL,Consolidated Construction Consortium Limited,EQ
CCHHL,Country Club Hospitality & Holidays Limited,EQ
CCL,CCL Products (India) Limited,EQ
CDSL,Central Depository Services (India) Limited,EQ
CEATLTD,CEAT Limited,EQ
CEIGALL,Ceigall India Limited,EQ
CEINSYS,Ceinsys Tech Limited,EQ
CELEBRITY,Celebrity Fashions Limited,EQ
CELLO,Cello World Limited,EQ
CEMPRO,Cemindia Projects Limited,EQ
CENTENKA,Century Enka Limited,EQ
CENTEXT,Century Extrusions Limited,EQ
CENTRALBK,Central Bank of India,EQ
CENTRUM,Centrum Capital Limited,EQ
CENTUM,Centum Electronics Limited,EQ
CENTURYPLY,Century Plyboards (India) Limited,EQ
CERA,Cera Sanitaryware Limited,EQ
CESC,CESC Limited,EQ
CEWATER,Concord Enviro Systems Limited,EQ
CGCL,Capri Global Capital Limited,EQ
CGPOWER,CG Power and Industrial Solutions Limited,EQ
CGVAK,CG Vak Software & Exports Limited,EQ
CHALET,Chalet Hotels Limited,EQ
CHAMBLFERT,Chambal Fertilizers & Chemicals Limited,EQ
CHEMBOND,Chembond Material Technologies Limited,EQ
CHEMCRUX,Chemcrux Enterprises Limited,EQ
CHEMFAB,Chemfab Alkalis Limited,EQ
CHEMPLASTS,Chemplast Sanmar Limited,EQ
CHENNPETRO,Chennai Petroleum Corporation Limited,EQ
CHEVIOT,Cheviot Company Limited,EQ
CHOICEIN,Choice International Limited,EQ
CHOLAFIN,Cholamandalam Investment and Finance Company Limited,EQ
CHOLAHLDNG,Cholamandalam Financial Holdings Limited,EQ
CIEINDIA,CIE Automotive India Limited,EQ
CIFL,Capital India Finance Limited,EQ
CINELINE,Cineline India Limited,EQ
CINEVISTA,Cinevista Limited,EQ
CIPLA,Cipla Limited,EQ
CLEAN,Clean Science and Technology Limited,EQ
CLEANMAX,Clean Max Enviro Energy Solutions Limited,EQ
CLEDUCATE,CL Educate Limited,EQ
CLSEL,Chaman Lal Setia Exports Limited,EQ
CMLL,Caliber Mining and Logistics Limited,EQ
CMPDI,Central Mine Planning & Design Institute Limited,EQ
CMRGREEN,CMR Green Technologies Limited,EQ
CMSINFO,CMS Info Systems Limited,EQ
CNL,Creative Newtech Limited,EQ
COALINDIA,Coal India Limited,EQ
COASTCORP,Coastal Corporation Limited,EQ
COCHINSHIP,Cochin Shipyard Limited,EQ
COCKERILL,John Cockerill India Limited,EQ
COFFEEDAY,Coffee Day Enterprises Limited,EQ
COFORGE,Coforge Limited,EQ
COHANCE,Cohance Lifesciences Limited,EQ
COLPAL,Colgate Palmolive (India) Limited,EQ
COMFINTE,Comfort Intech Limited,EQ
COMPEAU,Competent Automobiles Company Limited,EQ
COMPUSOFT,Compucom Software Limited,EQ
COMSYN,Commercial Syn Bags Limited,EQ
CONCOR,Container Corporation of India Limited,EQ
CONCORDBIO,Concord Biotech Limited,EQ
CONFIPET,Confidence Petroleum India Limited,EQ
CONTROLPR,Control Print Limited,EQ
CORALFINAC,Coral India Finance & Housing Limited,EQ
CORDELIA,Waterways Leisure Tourism Limited,EQ
CORDSCABLE,Cords Cable Industries Limited,EQ
COROMANDEL,Coromandel International Limited,EQ
CORONA,CORONA Remedies Limited,EQ
COSMOFIRST,COSMO FIRST LIMITED,EQ
CPCAP,CP Capital Limited,EQ
CPEDU,Career Point Edutech Limited,EQ
CPL,Captain Polyplast Limited,EQ
CPPLUS,Aditya Infotech Limited,EQ
CRAFTSMAN,Craftsman Automation Limited,EQ
CRAMC,Canara Robeco Asset Management Company Limited,EQ
CRAVATEX,Cravatex Limited,EQ
CREATIVEYE,Creative Eye Limited,EQ
CREDITACC,CREDITACCESS GRAMEEN LIMITED,EQ
CREST,Crest Ventures Limited,EQ
CRESTO,CRESTO TECHNO LIMITED,EQ
CRISIL,Crisil Limited,EQ
CRIZAC,Crizac Limited,EQ
CROMPTON,Crompton Greaves Consumer Electricals Limited,EQ
CROWN,Crown Lifters Limited,EQ
CSBBANK,CSB Bank Limited,EQ
CSLFINANCE,CSL Finance Limited,EQ
CSM,CSM Technologies Limited,EQ
CUB,City Union Bank Limited,EQ
CUBEXTUB,Cubex Tubings Limited,EQ
CUMMINSIND,Cummins India Limited,EQ
CUPID,Cupid Limited,EQ
CYIENT,Cyient Limited,EQ
CYIENTDLM,Cyient DLM Limited,EQ
DABUR,Dabur India Limited,EQ
DALBHARAT,Dalmia Bharat Limited,EQ
DALMIASUG,Dalmia Bharat Sugar and Industries Limited,EQ
DAMCAPITAL,Dam Capital Advisors Limited,EQ
DANGEE,Dangee Dums Limited,EQ
DATAMATICS,Datamatics Global Services Limited,EQ
DATAPATTNS,Data Patterns (India) Limited,EQ
DAVANGERE,Davangere Sugar Company Limited,EQ
DBCORP,D.B.Corp Limited,EQ
DBEIL,Deepak Builders & Engineers India Limited,EQ
DBL,Dilip Buildcon Limited,EQ
DBOL,Dhampur Bio Organics Limited,EQ
DBREALTY,Valor Estate Limited,EQ
DCAL,Dishman Carbogen Amcis Limited,EQ
DCBBANK,DCB Bank Limited,EQ
DCI,Dc Infotech And Communication Limited,EQ
DCM,DCM  Limited,EQ
DCMFINSERV,DCM Financial Services Limited,EQ
DCMNVL,DCM Nouvelle Limited,EQ
DCMSHRIRAM,DCM Shriram Limited,EQ
DCMSIL,DCM Shriram International Limited,EQ
DCMSRIND,DCM Shriram Industries Limited,EQ
DCW,DCW Limited,EQ
DCXINDIA,DCX Systems Limited,EQ
DDEVPLSTIK,Ddev Plastiks Industries Limited,EQ
DECCANCE,Deccan Cements Limited,EQ
DECNGOLD,Deccan Gold Mines Limited,EQ
DEEDEV,DEE Development Engineers Limited,EQ
DEEPA,Deepa Jewellers Limited,EQ
DEEPAKFERT,Deepak Fertilizers and Petrochemicals Corporation Limited,EQ
DEEPAKNTR,Deepak Nitrite Limited,EQ
DEEPINDS,Deep Industries Limited,EQ
DELHIVERY,Delhivery Limited,EQ
DELTACORP,Delta Corp Limited,EQ
DELTAMAGNT,Delta Manufacturing Limited,EQ
DEN,Den Networks Limited,EQ
DENORA,De Nora India Limited,EQ
DENTA,Denta Water and Infra Solutions Limited,EQ
DEVIT,Dev Information Technology Limited,EQ
DEVX,Dev Accelerator Limited,EQ
DEVYANI,Devyani International Limited,EQ
DGCONTENT,Digicontent Limited,EQ
DHAMPURSUG,Dhampur Sugar Mills Limited,EQ
DHANBANK,Dhanlaxmi Bank Limited,EQ
DHANUKA,Dhanuka Agritech Limited,EQ
DHARMAJ,Dharmaj Crop Guard Limited,EQ
DHATRE,Dhatre Udyog Limited,EQ
DHOOTTRANS,Dhoot Transmission Limited,EQ
DHRUV,Dhruv Consultancy Services Limited,EQ
DHUNINV,Dhunseri Investments Limited,EQ
DIAMINESQ,Diamines & Chemicals Limited,EQ
DIAMONDYD,Prataap Snacks Limited,EQ
DICIND,DIC India Limited,EQ
DIFFNKG,Diffusion Engineers Limited,EQ
DIGIDRIVE,Digidrive Distributors Limited,EQ
DIGISPICE,DiGiSPICE Technologies Limited,EQ
DIGITIDE,Digitide Solutions Limited,EQ
DISAQ,Disa India Limited,EQ
DISHTV,Dish TV India Limited,EQ
DIVGIITTS,Divgi Torqtransfer Systems Limited,EQ
DIVISLAB,Divi's Laboratories Limited,EQ
DIXON,Dixon Technologies (India) Limited,EQ
DJML,DJ Mediaprint & Logistics Limited,EQ
DLF,DLF Limited,EQ
DLINKINDIA,D-Link (India) Limited,EQ
DMART,Avenue Supermarts Limited,EQ
DMCC,DMCC SPECIALITY CHEMICALS LIMITED,EQ
DNAMEDIA,Diligent Media Corporation Limited,EQ
DODLA,Dodla Dairy Limited,EQ
DOLATALGO,Dolat Algotech Limited,EQ
DOLLAR,Dollar Industries Limited,EQ
DOLLEX,Dollex Agrotech Limited,EQ
DOLPHIN,Dolphin Offshore Enterprises (India) Limited,EQ
DOMS,DOMS Industries Limited,EQ
DONEAR,Donear Industries Limited,EQ
DPABHUSHAN,D. P. Abhushan Limited,EQ
DRAGARWQ,Dr Agarwals Eye Hospital Limited,EQ
DRCSYSTEMS,DRC Systems India Limited,EQ
DREAMFOLKS,Dreamfolks Services Limited,EQ
DREDGECORP,Dredging Corporation of India Limited,EQ
DRREDDY,Dr. Reddy's Laboratories Limited,EQ
DSFCL,DCM Shriram Fine Chemicals Limited,EQ
DSSL,Dynacons Systems & Solutions Limited,EQ
DUCON,Ducon Infratechnologies Limited,EQ
DVL,Dhunseri Ventures Limited,EQ
DWARKESH,Dwarikesh Sugar Industries Limited,EQ
DYCL,Dynamic Cables Limited,EQ
DYNAMATECH,Dynamatic Technologies Limited,EQ
DYNPRO,Dynemic Products Limited,EQ
EASEMYTRIP,Easy Trip Planners Limited,EQ
EASTWEST,East West Freight Carriers Limited,EQ
EBGNG,GNG Electronics Limited,EQ
ECLERX,eClerx Services Limited,EQ
ECORECO,Eco Recycling Limited,EQ
ECOSMOBLTY,Ecos (India) Mobility & Hospitality Limited,EQ
EDELWEISS,Edelweiss Financial Services Limited,EQ
EFCIL,EFC (I) Limited,EQ
EICHERMOT,Eicher Motors Limited,EQ
EIDPARRY,EID Parry India Limited,EQ
EIEL,Enviro Infra Engineers Limited,EQ
EIHAHOTELS,EIH Associated Hotels Limited,EQ
EIHOTEL,EIH Limited,EQ
EIMCOELECO,Eimco Elecon (India) Limited,EQ
EKC,Everest Kanto Cylinder Limited,EQ
EKI,EKI Energy Services Limited,EQ
ELANTAS,Elantas Beck India Limited,EQ
ELCIDIN,EL CID Investments Limited,EQ
ELDEHSG,Eldeco Housing And Industries Limited,EQ
ELECON,Elecon Engineering Company Limited,EQ
ELECTCAST,Electrosteel Castings Limited,EQ
ELECTHERM,Electrotherm (India) Limited,EQ
ELGIEQUIP,Elgi Equipments Limited,EQ
ELGIRUBCO,Elgi Rubber Company Limited,EQ
ELIN,Elin Electronics Limited,EQ
ELITECON,Elitecon International Limited,EQ
ELLEN,Ellenbarrie Industrial Gases Limited,EQ
ELPROINTL,Elpro International Limited,EQ
EMAMILTD,Emami Limited,EQ
EMAMIREAL,Emami Realty Limited,EQ
EMBDL,Embassy Developments Limited,EQ
EMCURE,Emcure Pharmaceuticals Limited,EQ
EMIL,Electronics Mart India Limited,EQ
EMKAY,Emkay Global Financial Services Limited,EQ
EMMVEE,Emmvee Photovoltaic Power Limited,EQ
EMPIND,Empire Industries Limited,EQ
EMPOWER,Empower India Limited,EQ
EMSLIMITED,EMS Limited,EQ
EMUDHRA,eMudhra Limited,EQ
ENDURANCE,Endurance Technologies Limited,EQ
ENERGYDEV,Energy Development Company Limited,EQ
ENGINERSIN,Engineers India Limited,EQ
ENIL,Entertainment Network (India) Limited,EQ
ENKEIWHEL,Enkei Wheels (India) Limited,EQ
ENRIN,Siemens Energy India Limited,EQ
ENTERO,Entero Healthcare Solutions Limited,EQ
EPACK,EPACK Durable Limited,EQ
EPACKPEB,EPack Prefab Technologies Limited,EQ
EPIGRAL,Epigral Limited,EQ
EPL,EPL Limited,EQ
EQUITASBNK,Equitas Small Finance Bank Limited,EQ
ERIS,Eris Lifesciences Limited,EQ
ESABINDIA,Esab India Limited,EQ
ESCORTS,Escorts Kubota Limited,EQ
ESDS,ESDS Software Solution Limited,EQ
ESSARSHPNG,Essar Shipping Limited,EQ
ESSENTIA,Integra Essentia Limited,EQ
ESTER,Ester Industries Limited,EQ
ETERNAL,ETERNAL LIMITED,EQ
ETHOSLTD,Ethos Limited,EQ
EUREKAFORB,Eureka Forbes Limited,EQ
EUROBOND,Euro Panel Products Limited,EQ
EUROPRATIK,Euro Pratik Sales Limited,EQ
EVEREADY,Eveready Industries India Limited,EQ
EXCELINDUS,Excel Industries Limited,EQ
EXCELSOFT,Excelsoft Technologies Limited,EQ
EXICOM,Exicom Tele-Systems Limited,EQ
EXIDEIND,Exide Industries Limited,EQ
EXPLEOSOL,Expleo Solutions Limited,EQ
EXXARO,Exxaro Tiles Limited,EQ
FABTECH,Fabtech Technologies Limited,EQ
FACT,Fertilizers and Chemicals Travancore Limited,EQ
FAZE3Q,Faze Three Limited,EQ
FCL,Fineotex Chemical Limited,EQ
FCSSOFT,FCS Software Solutions Limited,EQ
FDC,FDC Limited,EQ
FEDDERSHOL,Fedders Holding Limited,EQ
FEDERALBNK,The Federal Bank  Limited,EQ
FEDFINA,Fedbank Financial Services Limited,EQ
FERMENTA,Fermenta Biotech Limited,EQ
FIBERWEB,Fiberweb (India) Limited,EQ
FIEMIND,Fiem Industries Limited,EQ
FILATEX,Filatex India Limited,EQ
FILATFASH,Filatex Fashions Limited,EQ
FINCABLES,Finolex Cables Limited,EQ
FINEORG,Fine Organic Industries Limited,EQ
FINKURVE,Finkurve Financial Services Limited,EQ
FINOPB,Fino Payments Bank Limited,EQ
FINPIPE,Finolex Industries Limited,EQ
FIRSTCRY,Brainbees Solutions Limited,EQ
FISCHER,Fischer Medical Ventures Limited,EQ
FIVESTAR,Five-Star Business Finance Limited,EQ
FLAIR,Flair Writing Industries Limited,EQ
FLUOROCHEM,Gujarat Fluorochemicals Limited,EQ
FMGOETZE,Federal-Mogul Goetze (India) Limited.,EQ
FMNL,Future Market Networks Limited,EQ
FOODSIN,Foods & Inns Limited,EQ
FORCEMOT,FORCE MOTORS LTD,EQ
FORTIS,Fortis Healthcare Limited,EQ
FOSECOIND,Foseco India Limited,EQ
FRACTAL,Fractal Analytics Limited,EQ
FREDUN,Fredun Pharmaceuticals Limited,EQ
FRONTSP,Frontier Springs Limited,EQ
FSL,Firstsource Solutions Limited,EQ
FUSION,Fusion Finance Limited,EQ
GABRIEL,Gabriel India Limited,EQ
GAEL,Gujarat Ambuja Exports Limited,EQ
GAIL,GAIL (India) Limited,EQ
GAJA,Gaja Alternative Asset Management Limited,EQ
GALAPREC,Gala Precision Engineering Limited,EQ
GALAXYSURF,Galaxy Surfactants Limited,EQ
GALLANTT,Gallantt Ispat Limited,EQ
GANDHAR,Gandhar Oil Refinery (India) Limited,EQ
GANDHITUBE,Gandhi Special Tubes Limited,EQ
GANECOS,Ganesha Ecosphere Limited,EQ
GANESHCP,Ganesh Consumer Products Limited,EQ
GANESHHOU,GANESH HOUSING LIMITED,EQ
GANGAFORGE,Ganga Forging Limited,EQ
GANGESSECU,Ganges Securities Limited,EQ
GARFIBRES,Garware Technical Fibres Limited,EQ
GARUDA,Garuda Construction and Engineering Limited,EQ
GATEWAY,Gateway Distriparks Limited,EQ
GAUDIUMIVF,Gaudium IVF and Women Health Limited,EQ
GAYAHWS,Gayatri Highways Limited,EQ
GAYAPROJ,Gayatri Projects Limited,EQ
GCSL,Gretex Corporate Services Limited,EQ
GEEKAYWIRE,Geekay Wires Limited,EQ
GEMAROMA,Gem Aromatics Limited,EQ
GENCON,Generic Engineering Construction and Projects Limited,EQ
GENESYS,Genesys International Corporation Limited,EQ
GENUSPAPER,Genus Paper & Boards Limited,EQ
GENUSPOWER,Genus Power Infrastructures Limited,EQ
GEOJITFSL,Geojit Financial Services Limited,EQ
GESHIP,The Great Eastern Shipping Company Limited,EQ
GFLLIMITED,GFL Limited,EQ
GHCL,GHCL Limited,EQ
GHCLTEXTIL,GHCL Textiles Limited,EQ
GICHSGFIN,GIC Housing Finance Limited,EQ
GICRE,General Insurance Corporation of India,EQ
GILLANDERS,Gillanders Arbuthnot & Company Limited,EQ
GILLETTE,Gillette India Limited,EQ
GIPCL,Gujarat Industries Power Company Limited,EQ
GKB,GKB Ophthalmics Limited,EQ
GKENERGY,GK Energy Limited,EQ
GKSL,Gujarat Kidney And Super Speciality Limited,EQ
GKWLIMITED,GKW Limited,EQ
GLAND,Gland Pharma Limited,EQ
GLASSWALL,Glass Wall Systems (India) Limited,EQ
GLAXO,GlaxoSmithKline Pharmaceuticals Limited,EQ
GLENMARK,Glenmark Pharmaceuticals Limited,EQ
GLFL,Gujarat Lease Financing Limited,EQ
GLOBAL,Global Education Limited,EQ
GLOBALE,Globale Tessile Limited,EQ
GLOBALVECT,Global Vectra Helicorp Limited,EQ
GLOBE,GLOBE ENTERPRISES (INDIA) LIMITED,EQ
GLOBECIVIL,Globe Civil Projects Limited,EQ
GLOBUSSPR,Globus Spirits Limited,EQ
GLOSTERLTD,Gloster Limited,EQ
GLOTTIS,Glottis Limited,EQ
GMBREW,GM Breweries Limited,EQ
GMDCLTD,Gujarat Mineral Development Corporation Limited,EQ
GMMPFAUDLR,GMM Pfaudler Limited,EQ
GMRAIRPORT,GMR AIRPORTS LIMITED,EQ
GMRP&UI,GMR Power and Urban Infra Limited,EQ
GNA,GNA Axles Limited,EQ
GNFC,Gujarat Narmada Valley Fertilizers and Chemicals Limited,EQ
GNRL,Gujarat Natural Resources Limited,EQ
GOACARBON,Goa Carbon Limited,EQ
GOCLCORP,GOCL Corporation Limited,EQ
GOCOLORS,Go Fashion (India) Limited,EQ
GODAVARIB,Godavari Biorefineries Limited,EQ
GODFRYPHLP,Godfrey Phillips India Limited,EQ
GODIGIT,Go Digit General Insurance Limited,EQ
GODREJAGRO,Godrej Agrovet Limited,EQ
GODREJCP,Godrej Consumer Products Limited,EQ
GODREJIND,Godrej Industries Limited,EQ
GODREJPROP,Godrej Properties Limited,EQ
GOKEX,Gokaldas Exports Limited,EQ
GOKUL,Gokul Refoils and Solvent Limited,EQ
GOKULAGRO,Gokul Agro Resources Limited,EQ
GOLDIAM,Goldiam International Limited,EQ
GOODLUCK,Goodluck India Limited,EQ
GOODYEAR,Goodyear India Limited,EQ
GOPAL,Gopal Snacks Limited,EQ
GOYALALUM,Goyal Aluminiums Limited,EQ
GPIL,Godawari Power And Ispat limited,EQ
GPPL,Gujarat Pipavav Port Limited,EQ
GPTHEALTH,GPT Healthcare Limited,EQ
GPTINFRA,GPT Infraprojects Limited,EQ
GRANDOAK,Grand Oak Canyons Distillery Limited,EQ
GRANULES,Granules India Limited,EQ
GRAPHITE,Graphite India Limited,EQ
GRASIM,Grasim Industries Limited,EQ
GRAUWEIL,Grauer & Weil India Limited,EQ
GRAVITA,Gravita India Limited,EQ
GREAVESCOT,Greaves Cotton Limited,EQ
GREENLAM,Greenlam Industries Limited,EQ
GREENPANEL,Greenpanel Industries Limited,EQ
GREENPLY,Greenply Industries Limited,EQ
GREENPOWER,Orient Green Power Company Limited,EQ
GRINDWELL,Grindwell Norton Limited,EQ
GRINFRA,G R Infraprojects Limited,EQ
GRMOVER,GRM Overseas Limited,EQ
GROBTEA,The Grob Tea Company Limited,EQ
GROWW,Billionbrains Garage Ventures Limited,EQ
GRPLTD,GRP Limited,EQ
GRSE,Garden Reach Shipbuilders & Engineers Limited,EQ
GRWRHITECH,Garware Hi-Tech Films Limited,EQ
GSFC,Gujarat State Fertilizers & Chemicals Limited,EQ
GSLSU,Global Surfaces Limited,EQ
GSPCROP,GSP Crop Science Limited,EQ
GSS,GSS Infotech Limited,EQ
GTECJAINX,G-TEC JAINX EDUCATION LIMITED,EQ
GTL,GTL Limited,EQ
GTLINFRA,GTL Infrastructure Limited,EQ
GTPL,GTPL Hathway Limited,EQ
GUFICBIO,Gufic Biosciences Limited,EQ
GUJALKALI,Gujarat Alkalies and Chemicals Limited,EQ
GUJAPOLLO,Gujarat Apollo Industries Limited,EQ
GUJENERGY,GUJARAT ENERGY LIMITED,EQ
GUJRAFFIA,Gujarat Raffia Industries Limited,EQ
GUJTHEM,Gujarat Themis Biosyn Limited,EQ
GULFOILLUB,Gulf Oil Lubricants India Limited,EQ
GULPOLY,Gulshan Polyols Limited,EQ
GVPIL,GE Power India Limited,EQ
GVT&D,GE Vernova T&D India Limited,EQ
GYFTR,Gyftr Limited,EQ
HAL,Hindustan Aeronautics Limited,EQ
HALDER,Halder Venture Limited,EQ
HALEOSLABS,HALEOS LABS LIMITED,EQ
HAMPTON,Hampton Sky Realty Limited,EQ
HAPPSTMNDS,Happiest Minds Technologies Limited,EQ
HAPPYFORGE,Happy Forgings Limited,EQ
HARDWYN,Hardwyn India Limited,EQ
HARIOMPIPE,Hariom Pipe Industries Limited,EQ
HARRMALAYA,Harrisons  Malayalam Limited,EQ
HARSHA,Harsha Engineers International Limited,EQ
HATHWAY,Hathway Cable & Datacom Limited,EQ
HATSUN,Hatsun Agro Product Limited,EQ
HAVELLS,Havells India Limited,EQ
HAVISHA,Sri Havisha Hospitality and Infrastructure Limited,EQ
HAWKINCOOK,Hawkins Cookers Limited,EQ
HAZOOR,Hazoor Multi Projects Limited,EQ
HBESD,HB Estate Developers Limited,EQ
HBLENGINE,HBL Engineering Limited,EQ
HBPOR,HB Portfolio Limited,EQ
HBSL,HB Stockholdings Limited,EQ
HCC,Hindustan Construction Company Limited,EQ
HCG,Healthcare Global Enterprises Limited,EQ
HCL-INSYS,HCL Infosystems Limited,EQ
HCLTECH,HCL Technologies Limited,EQ
HDBFS,HDB Financial Services Limited,EQ
HDFCAMC,HDFC Asset Management Company Limited,EQ
HDFCBANK,HDFC Bank Limited,EQ
HDFCLIFE,HDFC Life Insurance Company Limited,EQ
HEADSUP,Heads UP Ventures Limited,EQ
HEALTHX,Health X Platform Limited,EQ
HECPROJECT,HEC Infra Projects Limited,EQ
HEGAM,HEG Advanced Materials Limited,EQ
HEIDELBERG,HeidelbergCement India Limited,EQ
HEMIPROP,Hemisphere Properties India Limited,EQ
HERANBA,Heranba Industries Limited,EQ
HERITGFOOD,Heritage Foods Limited,EQ
HEROMOTOCO,Hero MotoCorp Limited,EQ
HEROMOTORS,Hero Motors Limited,EQ
HESTERBIO,Hester Biosciences Limited,EQ
HEXATRADEX,Hexa Tradex Limited,EQ
HEXT,Hexaware Technologies Limited,EQ
HGINFRA,H.G. Infra Engineering Limited,EQ
HGM,HandsOn Global Management (HGM) Limited,EQ
HGS,Hinduja Global Solutions Limited,EQ
HIKAL,Hikal Limited,EQ
HILINFRA,Highway Infrastructure Limited,EQ
HILTON,Hilton Metal Forging Limited,EQ
HIMATSEIDE,Himatsingka Seide Limited,EQ
HINDADH,Hindustan Adhesives Limited,EQ
HINDALCO,Hindalco Industries Limited,EQ
HINDALUMI,Hind Aluminium Industries Limited,EQ
HINDCOMPOS,Hindustan Composites Limited,EQ
HINDCON,Hindcon Chemicals Limited,EQ
HINDCOPPER,Hindustan Copper Limited,EQ
HINDOILEXP,Hindustan Oil Exploration Company Limited,EQ
HINDPETRO,Hindustan Petroleum Corporation Limited,EQ
HINDUNILVR,Hindustan Unilever Limited,EQ
HINDWAREAP,Hindware Home Innovation Limited,EQ
HINDZINC,Hindustan Zinc Limited,EQ
HIRECT,Hirect Limited,EQ
HISARMETAL,Hisar Metal Industries Limited,EQ
HITECH,Hi-Tech Pipes Limited,EQ
HLEGLAS,HLE Glascoat Limited,EQ
HLVLTD,HLV LIMITED,EQ
HMAAGRO,HMA Agro Industries Limited,EQ
HNDFDS,Hindustan Foods Limited,EQ
HOMEFIRST,Home First Finance Company India Limited,EQ
HONASA,Honasa Consumer Limited,EQ
HONAUT,Honeywell Automation India Limited,EQ
HONDAPOWER,Honda India Power Products Limited,EQ
HORIZONIND,Horizon Industrial Parks Limited,EQ
HPAL,HP Adhesives Limited,EQ
HPIL,Hindprakash Industries Limited,EQ
HPL,HPL Electric & Power Limited,EQ
HRYNSHP,Hariyana Ship Breakers Limited,EQ
HSCL,Himadri Speciality Chemical Limited,EQ
HTEL,Hy-Tech Engineers Limited,EQ
HTMEDIA,HT Media Limited,EQ
HUBTOWN,Hubtown Limited,EQ
HUDCO,Housing & Urban Development Corporation Limited,EQ
HUHTAMAKI,Huhtamaki India Limited,EQ
HYUNDAI,Hyundai Motor India Limited,EQ
IBULLSLTD,Indiabulls Limited,EQ
ICEMAKE,Ice Make Refrigeration Limited,EQ
ICICIAMC,ICICI Prudential Asset Management Company Limited,EQ
ICICIBANK,ICICI Bank Limited,EQ
ICICIGI,ICICI Lombard General Insurance Company Limited,EQ
ICICIPRULI,ICICI Prudential Life Insurance Company Limited,EQ
ICIL,Indo Count Industries Limited,EQ
ICRA,ICRA Limited,EQ
IDBI,IDBI Bank Limited,EQ
IDEA,Vodafone Idea Limited,EQ
IDEAFORGE,Ideaforge Technology Limited,EQ
IDFCFIRSTB,IDFC First Bank Limited,EQ
IEX,Indian Energy Exchange Limited,EQ
IFBAGRO,IFB Agro Industries Limited,EQ
IFBIND,IFB Industries Limited,EQ
IFCI,IFCI Limited,EQ
IFGLEXPOR,IFGL Refractories Limited,EQ
IGARASHI,Igarashi Motors India Limited,EQ
IGCL,Indogulf Cropsciences Limited,EQ
IGIL,International Gemological Institute Limited,EQ
IGL,Indraprastha Gas Limited,EQ
IGPL,IG Petrochemicals Limited,EQ
IIFL,IIFL Finance Limited,EQ
IIFLCAPS,IIFL Capital Services Limited,EQ
IITL,Industrial Investment Trust Limited,EQ
IKIO,IKIO Technologies Limited,EQ
IKS,Inventurus Knowledge Solutions Limited,EQ
IMAGICAA,Imagicaaworld Entertainment Limited,EQ
IMFA,Indian Metals & Ferro Alloys Limited,EQ
IMPAL,India Motor Parts and Accessories Limited,EQ
INA,Insolation Energy Limited,EQ
INCREDIBLE,INCREDIBLE INDUSTRIES LIMITED,EQ
INDBANK,Indbank Merchant Banking Services Limited,EQ
INDGN,Indegene Limited,EQ
INDHOTEL,The Indian Hotels Company Limited,EQ
INDIACEM,The India Cements Limited,EQ
INDIAGLYCO,India Glycols Limited,EQ
INDIAMART,Indiamart Intermesh Limited,EQ
INDIANB,Indian Bank,EQ
INDIANCARD,Indian Card Clothing Company Limited,EQ
INDIANHUME,Indian Hume Pipe Company Limited,EQ
INDIASHLTR,India Shelter Finance Corporation Limited,EQ
INDIGO,InterGlobe Aviation Limited,EQ
INDIGOPNTS,Indigo Paints Limited,EQ
INDIQUBE,Indiqube Spaces Limited,EQ
INDNIPPON,India Nippon Electricals Limited,EQ
INDOBORAX,Indo Borax & Chemicals Limited,EQ
INDOCO,Indoco Remedies Limited,EQ
INDOFARM,Indo Farm Equipment Limited,EQ
INDOKEM,Indokem Limited,EQ
INDOMIM,INDO-MIM Limited,EQ
INDORAMA,Indo Rama Synthetics (India) Limited,EQ
INDOSTAR,IndoStar Capital Finance Limited,EQ
INDOTECH,Indo Tech Transformers Limited,EQ
INDOTHAI,Indo Thai Securities Limited,EQ
INDOUS,Indo Us Biotech Limited,EQ
INDOWIND,Indowind Energy Limited,EQ
INDPRUD,Industrial & Prudential Investment Company Limited,EQ
INDRAMEDCO,Indraprastha Medical Corporation Limited,EQ
INDSWFTLAB,Ind-Swift Laboratories Limited,EQ
INDTERRAIN,Indian Terrain Fashions Limited,EQ
INDUSINDBK,IndusInd Bank Limited,EQ
INDUSTOWER,Indus Towers Limited,EQ
INFOBEAN,InfoBeans Technologies Limited,EQ
INFOMEDIA,Infomedia Press Limited,EQ
INFY,Infosys Limited,EQ
INGERRAND,Ingersoll Rand (India) Limited,EQ
INNOVACAP,Innova Captab Limited,EQ
INNOVANA,Innovana Thinklabs Limited,EQ
INNOVISION,Innovision Limited,EQ
INOXGREEN,Inox Green Energy Services Limited,EQ
INOXINDIA,INOX India Limited,EQ
INOXWIND,Inox Wind Limited,EQ
INSECTICID,Insecticides (India) Limited,EQ
INSPIRISYS,Inspirisys Solutions Limited,EQ
INTELLECT,Intellect Design Arena Limited,EQ
INTENTECH,Intense Technologies Limited,EQ
INTERARCH,Interarch Building Solutions Limited,EQ
INTLCONV,International Conveyors Limited,EQ
INVENTURE,Inventure Growth & Securities Limited,EQ
IOB,Indian Overseas Bank,EQ
IOC,Indian Oil Corporation Limited,EQ
IOLCP,IOL Chemicals and Pharmaceuticals Limited,EQ
IONEXCHANG,ION Exchange (India) Limited,EQ
IPCALAB,IPCA Laboratories Limited,EQ
IPL,India Pesticides Limited,EQ
IPRINGLTD,IP Rings Limited,EQ
IRB,IRB Infrastructure Developers Limited,EQ
IRCON,Ircon International Limited,EQ
IRCTC,Indian Railway Catering And Tourism Corporation Limited,EQ
IREDA,Indian Renewable Energy Development Agency Limited,EQ
IRFC,Indian Railway Finance Corporation Limited,EQ
IRIS,IRIS RegTech Solutions Limited,EQ
IRISDOREME,Iris Clothings Limited,EQ
IRMENERGY,IRM Energy Limited,EQ
ISFT,Intrasoft Technologies Limited,EQ
ISGEC,Isgec Heavy Engineering Limited,EQ
ISHANCH,Ishan Dyes and Chemicals Limited,EQ
ISTLTD,I S T Limited,EQ
ITC,ITC Limited,EQ
ITCHOTELS,ITC Hotels Limited,EQ
ITDC,India Tourism Development Corporation Limited,EQ
ITI,ITI Limited,EQ
ITL,ITL Industries Limited,EQ
IVALUE,Ivalue Infosolutions Limited,EQ
IVC,IL&FS Investment Managers Limited,EQ
IWP,The Indian Wood Products Company Limited,EQ
IXIGO,Le Travenues Technology Limited,EQ
IZMO,IZMO Limited,EQ
J&KBANK,The Jammu & Kashmir Bank Limited,EQ
JAGRAN,Jagran Prakashan Limited,EQ
JAGSNPHARM,Jagsonpal Pharmaceuticals Limited,EQ
JAIBALAJI,Jai Balaji Industries Limited,EQ
JAICORPLTD,Jai Corp Limited,EQ
JAINREC,Jain Resource Recycling Limited,EQ
JAIPURKURT,Nandani Creation Limited,EQ
JAMNAAUTO,Jamna Auto Industries Limited,EQ
JARO,Jaro Institute of Technology Management and Research Limited,EQ
JASH,Jash Engineering Limited,EQ
JAYAGROGN,Jayant Agro Organics Limited,EQ
JAYBARMARU,Jay Bharat Maruti Limited,EQ
JAYKAY,Jaykay Enterprises Limited,EQ
JAYNECOIND,Jayaswal Neco Industries Limited,EQ
JAYSREETEA,Jayshree Tea & Industries Limited,EQ
JBMA,JBM Auto Limited,EQ
JENBURPH,Jenburkt Pharmaceuticals Limited,EQ
JETFREIGHT,Jet Freight Logistics Limited,EQ
JGCHEM,J.G.Chemicals Limited,EQ
JHS,JHS Svendgaard Laboratories Limited,EQ
JINDALPHOT,Jindal Photo Limited,EQ
JINDALPOLY,Jindal Poly Films Limited,EQ
JINDALSAW,Jindal Saw Limited,EQ
JINDALSTEL,JINDAL STEEL LIMITED,EQ
JINDRILL,Jindal Drilling And Industries Limited,EQ
JINDWORLD,Jindal Worldwide Limited,EQ
JIOFIN,Jio Financial Services Limited,EQ
JISLDVREQS,Jain Irrigation Systems Limited,EQ
JISLJALEQS,Jain Irrigation Systems Limited,EQ
JITFINFRA,JITF Infralogistics Limited,EQ
JKCEMENT,JK Cement Limited,EQ
JKIL,J.Kumar Infraprojects Limited,EQ
JKIPL,Jinkushal Industries Limited,EQ
JKLAKSHMI,JK Lakshmi Cement Limited,EQ
JKPAPER,JK Paper Limited,EQ
JKTYRE,JK Tyre & Industries Limited,EQ
JLHL,Jupiter Life Line Hospitals Limited,EQ
JMA,Jullundur Motor Agency (Delhi) Limited,EQ
JMFINANCIL,JM Financial Limited,EQ
JNKINDIA,JNK India Limited,EQ
JNPR,Juniper Green Energy Limited,EQ
JOCIL,Jocil Limited,EQ
JPOLYINVST,Jindal Poly Investment and Finance Company Limited,EQ
JPPOWER,Jaiprakash Power Ventures Limited,EQ
JSFB,Jana Small Finance Bank Limited,EQ
JSL,Jindal Stainless Limited,EQ
JSLL,Jeena Sikho Lifecare Limited,EQ
JSWCEMENT,JSW Cement Limited,EQ
JSWDULUX,JSW Dulux Limited,EQ
JSWENERGY,JSW Energy Limited,EQ
JSWHL,JSW Holdings Limited,EQ
JSWINFRA,JSW Infrastructure Limited,EQ
JSWSTEEL,JSW Steel Limited,EQ
JTEKTINDIA,Jtekt India Limited,EQ
JTLIND,JTL INDUSTRIES LIMITED,EQ
JUBLCPL,Jubilant Agri and Consumer Products Limited,EQ
JUBLFOOD,Jubilant Foodworks Limited,EQ
JUBLINGREA,Jubilant Ingrevia Limited,EQ
JUBLPHARMA,Jubilant Pharmova Limited,EQ
JUNIPER,Juniper Hotels Limited,EQ
JUSTDIAL,Just Dial Limited,EQ
JWL,Jupiter Wagons Limited,EQ
JYOTHYLAB,Jyothy Labs Limited,EQ
JYOTICNC,Jyoti CNC Automation Limited,EQ
JYOTIRES,Jyoti Resins & Adhesives Limited,EQ
JYOTISTRUC,Jyoti Structures Limited,EQ
KABRAEXTRU,Kabra Extrusion Technik Limited,EQ
KAJARIACER,Kajaria Ceramics Limited,EQ
KAKATCEM,Kakatiya Cement Sugar & Industries Limited,EQ
KALAMANDIR,Sai Silks (Kalamandir) Limited,EQ
KALPATARU,Kalpataru Limited,EQ
KALYANKJIL,Kalyan Jewellers India Limited,EQ
KAMAHOLD,Kama Holdings Limited,EQ
KAMANWALA,Kamanwala Housing Construction Limited,EQ
KAMATHOTEL,Kamat Hotels (I) Limited,EQ
KAMDHENU,Kamdhenu Limited,EQ
KAMOPAINTS,Kamdhenu Ventures Limited,EQ
KANANIIND,Kanani Industries Limited,EQ
KANCHI,Kanchi Karpooram Limited,EQ
KANCOTEA,Kanco Tea & Industries Limited,EQ
KANOHAR,Kanohar Electricals Limited,EQ
KANPRPLA,Kanpur Plastipack Limited,EQ
KANSAINER,Kansai Nerolac Paints Limited,EQ
KAPSTON,Kapston Services Limited,EQ
KARAMTARA,Karamtara Engineering Limited,EQ
KARMAENG,Karma Energy Limited,EQ
KARURVYSYA,Karur Vysya Bank Limited,EQ
KAYNES,Kaynes Technology India Limited,EQ
KCP,KCP Limited,EQ
KDDL,KDDL Limited,EQ
KDGREEN,KD Green Industries Limited,EQ
KEC,KEC International Limited,EQ
KECL,Kirloskar Electric Company Limited,EQ
KEEPLEARN,DSJ Keep Learning Limited,EQ
KEI,KEI Industries Limited,EQ
KELLTONTEC,Kellton Tech Solutions Limited,EQ
KENNAMET,Kennametal India Limited,EQ
KERNEX,Kernex Microsystems (India) Limited,EQ
KEYFINSERV,Keynote Financial Services Limited,EQ
KFINTECH,Kfin Technologies Limited,EQ
KHAICHEM,Khaitan Chemicals & Fertilizers Limited,EQ
KHAITANLTD,Khaitan (India) Limited,EQ
KHANDSE,Khandwala Securities Limited,EQ
KICL,Kalyani Investment Company Limited,EQ
KIMS,Krishna Institute of Medical Sciences Limited,EQ
KINGFA,Kingfa Science & Technology (India) Limited,EQ
KIOCL,KIOCL Limited,EQ
KIRANVYPAR,Kiran Vyapar Limited,EQ
KIRIINDUS,Kiri Industries Limited,EQ
KIRLFER,Kirloskar Ferrous Industries Limited,EQ
KIRLOSBROS,Kirloskar Brothers Limited,EQ
KIRLOSENG,Kirloskar Oil Engines Limited,EQ
KIRLOSIND,Kirloskar Industries Limited,EQ
KIRLPNU,Kirloskar Pneumatic Company Limited,EQ
KISSHT,OnEMI Technology Solutions Limited,EQ
KITEX,Kitex Garments Limited,EQ
KJMCFIN,KJMC Financial Services Limited,EQ
KKCL,Kewal Kiran Clothing Limited,EQ
KLBRENG-B,Kilburn Engineering Limited,EQ
KMCSHIL,K M C Speciality Hospitals (India) Limited,EQ
KMEW,Knowledge Marine & Engineering Works Limited,EQ
KMSUGAR,K.M.Sugar Mills Limited,EQ
KNACK,Knack Packaging Limited,EQ
KNAGRI,KN Agri Resources Limited,EQ
KNRCON,KNR Constructions Limited,EQ
KOHINOOR,Kohinoor Foods Limited,EQ
KOKUYOCMLN,Kokuyo Camlin Limited,EQ
KOLTEPATIL,Kolte - Patil Developers Limited,EQ
KOPRAN,Kopran Limited,EQ
KOTAKBANK,Kotak Mahindra Bank Limited,EQ
KOTHARIPET,Kothari Petrochemicals Limited,EQ
KOTHARIPRO,Kothari Products Limited,EQ
KOTIC,Kothari Industrial Corporation Limited,EQ
KOVAI,Kovai Medical Center & Hospital Limited,EQ
KPEL,K.P. Energy Limited,EQ
KPIGREEN,KPI Green Energy Limited,EQ
KPIL,Kalpataru Projects International Limited,EQ
KPITTECH,KPIT Technologies Limited,EQ
KPL,Kwality Pharmaceuticals Limited,EQ
KPRMILL,K.P.R. Mill Limited,EQ
KRBL,KRBL Limited,EQ
KREBSBIO,Krebs Biochemicals and Industries Limited,EQ
KRIDHANINF,Kridhan Infra Limited,EQ
KRISHANA,Krishana Phoschem Limited,EQ
KRISHIVAL,Krishival Foods Limited,EQ
KRISHNADEF,Krishna Defence And Allied Industries Limited,EQ
KRITI,Kriti Industries (India) Limited,EQ
KRITIKA,Kritika Wires Limited,EQ
KRITINUT,Kriti Nutrients Limited,EQ
KRN,KRN Heat Exchanger and Refrigeration Limited,EQ
KROSS,Kross Limited,EQ
KRSNAA,Krsnaa Diagnostics Limited,EQ
KRYSTAL,Krystal Integrated Services Limited,EQ
KSB,Ksb Limited,EQ
KSCL,Kaveri Seed Company Limited,EQ
KSE,KSE Limited,EQ
KSHINTL,KSH International Limited,EQ
KSHITIJPOL,Kshitij Polyline Limited,EQ
KSL,Kalyani Steels Limited,EQ
KSOLVES,Ksolves India Limited,EQ
KTKBANK,The Karnataka Bank Limited,EQ
KUANTUM,Kuantum Papers Limited,EQ
KUSUMGAR,Kusumgar Limited,EQ
KWIL,Kwality Wall's (India) Limited,EQ
LAGNAM,Lagnam Spintex Limited,EQ
LAHOTIOV,Lahoti Overseas Limited,EQ
LAKSHMIMIL,Lakshmi Mills Company Limited,EQ
LAL,Lorenzini Apparels Limited,EQ
LALITHAA,Lalithaa Jewellery Mart Limited,EQ
LALPATHLAB,Dr. Lal Path Labs Ltd.,EQ
LAMBODHARA,Lambodhara Textiles Limited,EQ
LANCER,Lancer Container Lines Limited,EQ
LANDMARK,Landmark Cars Limited,EQ
LANDSMILL,Landsmill Green Limited,EQ
LAOPALA,La Opala RG Limited,EQ
LASERPOWER,Laser Power & Infra Limited,EQ
LATENTVIEW,Latent View Analytics Limited,EQ
LATTEYS,Latteys Industries Limited,EQ
LAURUSLABS,Laurus Labs Limited,EQ
LAXMICOT,Laxmi Cotspin Limited,EQ
LAXMIDENTL,Laxmi Dental Limited,EQ
LAXMIINDIA,Laxmi India Finance Limited,EQ
LCCINFOTEC,LCC Infotech Limited,EQ
LCCPROJECT,LCC Projects Limited,EQ
LCL,Lohia Corp Limited,EQ
LEAPIND,LEAP India Limited,EQ
LEMERITE,Le Merite Exports Limited,EQ
LEMONTREE,Lemon Tree Hotels Limited,EQ
LENSKART,Lenskart Solutions Limited,EQ
LEXUS,Lexus Granito (India) Limited,EQ
LFIC,Lakshmi Finance & Industrial Corporation Limited,EQ
LGBBROSLTD,LG Balakrishnan & Bros Limited,EQ
LGEINDIA,LG Electronics India Limited,EQ
LGHL,Laxmi Goldorna House Limited,EQ
LIBAS,Libas Consumer Products Limited,EQ
LIBERTSHOE,Liberty Shoes Limited,EQ
LICHSGFIN,LIC Housing Finance Limited,EQ
LICI,Life Insurance Corporation Of India,EQ
LIKHITHA,Likhitha Infrastructure Limited,EQ
LINC,Linc Limited,EQ
LINCOLN,Lincoln Pharmaceuticals Limited,EQ
LINDEINDIA,Linde India Limited,EQ
LKPSEC,LKP Securities Limited,EQ
LLOYDSENGG,LLOYDS ENGINEERING WORKS LIMITED,EQ
LLOYDSENT,Lloyds Enterprises Limited,EQ
LLOYDSME,Lloyds Metals And Energy Limited,EQ
LMW,LMW Limited,EQ
LODHA,Lodha Developers Limited,EQ
LOKESHMACH,Lokesh Machines Limited,EQ
LORDSCHLO,Lords Chloro Alkali Limited,EQ
LOTUSCHO,Lotus Chocolate Company Limited,EQ
LOTUSEYE,Lotus Eye Hospital and Institute Limited,EQ
LOVABLE,Lovable Lingerie Limited,EQ
LOYALTEX,Loyal Textile Mills Limited,EQ
LPDC,Landmark Property Development Company Limited,EQ
LT,Larsen & Toubro Limited,EQ
LTF,L&T Finance Limited,EQ
LTFOODS,LT Foods Limited,EQ
LTM,LTM Limited,EQ
LTTS,L&T Technology Services Limited,EQ
LUMAXIND,Lumax Industries Limited,EQ
LUMAXTECH,Lumax Auto Technologies Limited,EQ
LUMINO,Lumino Industries Limited,EQ
LUPIN,Lupin Limited,EQ
LUXIND,Lux Industries Limited,EQ
LXCHEM,Laxmi Organic Industries Limited,EQ
M&M,Mahindra & Mahindra Limited,EQ
M&MFIN,Mahindra & Mahindra Financial Services Limited,EQ
MAANALU,Maan Aluminium Limited,EQ
MACPOWER,Macpower CNC Machines Limited,EQ
MADHAV,Madhav Marbles and Granites Limited,EQ
MADHAVIPL,Madhav Infra Projects Limited,EQ
MADHUCON,Madhucon Projects Limited,EQ
MADRASFERT,Madras Fertilizers Limited,EQ
MAFATIND,Mafatlal Industries Limited,EQ
MAGADSUGAR,Magadh Sugar & Energy Limited,EQ
MAGNUM,Magnum Ventures Limited,EQ
MAHABANK,Bank of Maharashtra,EQ
MAHAPEXLTD,Maha Rashtra Apex Corporation Limited,EQ
MAHEPC,Mahindra EPC Irrigation Limited,EQ
MAHESHWARI,Maheshwari Logistics Limited,EQ
MAHLIFE,Mahindra Lifespace Developers Limited,EQ
MAHLOG,Mahindra Logistics Limited,EQ
MAHSCOOTER,Maharashtra Scooters Limited,EQ
MAHSEAMLES,Maharashtra Seamless Limited,EQ
MAITHANALL,Maithan Alloys Limited,EQ
MAKERSL,Makers Laboratories Limited,EQ
MALLCOM,Mallcom (India) Limited,EQ
MALUPAPER,Malu Paper Mills Limited,EQ
MAMATA,Mamata Machinery Limited,EQ
MANAKALUCO,Manaksia Aluminium Company Limited,EQ
MANAKCOAT,Manaksia Coated Metals & Industries Limited,EQ
MANAKSIA,Manaksia Limited,EQ
MANALIPETC,Manali Petrochemicals Limited,EQ
MANAPPURAM,Manappuram Finance Limited,EQ
MANBA,Manba Finance Limited,EQ
MANCREDIT,Mangal Credit and Fincorp Limited,EQ
MANGALAM,Mangalam Drugs And Organics Limited,EQ
MANGLMCEM,Mangalam Cement Limited,EQ
MANINDS,Man Industries (India) Limited,EQ
MANINFRA,Man Infraconstruction Limited,EQ
MANIPALHOS,Manipal Health Enterprises Limited,EQ
MANKIND,Mankind Pharma Limited,EQ
MANOMAY,Manomay Tex India Limited,EQ
MANORAMA,Manorama Industries Limited,EQ
MANORG,Mangalam Organics Limited,EQ
MANUGRAPH,Manugraph India Limited,EQ
MANYAVAR,Vedant Fashions Limited,EQ
MAPMYINDIA,C.E. Info Systems Limited,EQ
MARALOVER,Maral Overseas Limited,EQ
MARATHON,Marathon Nextgen Realty Limited,EQ
MARICO,Marico Limited,EQ
MARINE,Marine Electricals (India) Limited,EQ
MARKOLINES,Markolines Pavement Technologies Limited,EQ
MARKSANS,Marksans Pharma Limited,EQ
MARSONS,Marsons Limited,EQ
MARUTI,Maruti Suzuki India Limited,EQ
MASFIN,MAS Financial Services Limited,EQ
MASKINVEST,Mask Investments Limited,EQ
MASTEK,Mastek Limited,EQ
MASTERTR,Master Trust Limited,EQ
MATRIMONY,Matrimony.Com Limited,EQ
MAWANASUG,Mawana Sugars Limited,EQ
MAXESTATES,Max Estates Limited,EQ
MAXHEALTH,Max Healthcare Institute Limited,EQ
MAXIND,Max India Limited,EQ
MAYURUNIQ,Mayur Uniquoters Ltd,EQ
MAZDOCK,Mazagon Dock Shipbuilders Limited,EQ
MBAPL,Madhya Bharat Agro Products Limited,EQ
MBEL,M & B Engineering Limited,EQ
MBLINFRA,MBL Infrastructure Limited,EQ
MCCHRLS-B,Mac Charles India Limited,EQ
MCL,M TEK COPPER LIMITED,EQ
MCLEODRUSS,Mcleod Russel India Limited,EQ
MCLOUD,Magellanic Cloud Limited,EQ
MCX,Multi Commodity Exchange of India Limited,EQ
MEDANTA,Global Health Limited,EQ
MEDIASSIST,Medi Assist Healthcare Services Limited,EQ
MEDICO,Medico Remedies Limited,EQ
MEDPLUS,Medplus Health Services Limited,EQ
MEESHO,Meesho Limited,EQ
MEGASTAR,Megastar Foods Limited,EQ
MEIL,Mangal Electrical Industries Limited,EQ
MERCANTILE,Mercantile Ventures Limited,EQ
MERCURYEV,Mercury Ev-Tech Limited,EQ
METROBRAND,Metro Brands Limited,EQ
METROGLOBL,Metroglobal Limited,EQ
METROPOLIS,Metropolis Healthcare Limited,EQ
MFML,Mahalaxmi Fabric Mills Limited,EQ
MFSL,Max Financial Services Limited,EQ
MGEL,Mangalam Global Enterprise Limited,EQ
MGL,Mahanagar Gas Limited,EQ
MHRIL,Mahindra Holidays & Resorts India Limited,EQ
MIDHANI,Mishra Dhatu Nigam Limited,EQ
MIDWESTLTD,Midwest Limited,EQ
MIIL,Meghna Infracon Infrastructure Limited,EQ
MILKYMIST,Milky Mist Dairy Food Limited,EQ
MINDACORP,Minda Corporation Limited,EQ
MINDTECK,Mindteck (India) Limited,EQ
MIRZAINT,Mirza International Limited,EQ
MITCON,MITCON Consultancy & Engineering Services Limited,EQ
MITTAL,Mittal Life Style Limited,EQ
MKEXIM,M.K. Exim (India) Limited,EQ
MKPL,M K Proteins Limited,EQ
MLKFOOD,Milkfood Limited,EQ
MMFL,MM Forgings Limited,EQ
MMP,MMP Industries Limited,EQ
MMTC,MMTC Limited,EQ
MMWL,Media Matrix Worldwide Limited,EQ
MOBIKWIK,One Mobikwik Systems Limited,EQ
MODINATUR,Modi Naturals Limited,EQ
MODIRUBBER,Modi Rubber Limited,EQ
MODIS,Modis Navnirman Limited,EQ
MODTHREAD,Modern Threads (India) Limited,EQ
MOHITE,Mohite Industries Limited,EQ
MOHITIND,Mohit Industries Limited,EQ
MOIL,MOIL Limited,EQ
MOKSH,Moksh Ornaments Limited,EQ
MOL,Meghmani Organics Limited,EQ
MOLBIO,Molbio Diagnostics Limited,EQ
MOLDTKPAC,Mold-Tek Packaging Limited,EQ
MOMSBELIEF,Rays of Belief Limited,EQ
MONARCH,Monarch Networth Capital Limited,EQ
MONEYBOXX,Moneyboxx Finance Limited,EQ
MONTECARLO,Monte Carlo Fashions Limited,EQ
MOREPENLAB,Morepen Laboratories Limited,EQ
MOSCHIP,Moschip Technologies Limited,EQ
MOTHERSON,Samvardhana Motherson International Limited,EQ
MOTILALOFS,Motilal Oswal Financial Services Limited,EQ
MOTISONS,Motisons Jewellers Limited,EQ
MOTOGENFIN,The Motor & General Finance Limited,EQ
MPHASIS,MphasiS Limited,EQ
MPIMANIPAL,Manipal Payment and Identity Solutions Limited,EQ
MPSLTD,MPS Limited,EQ
MRF,MRF Limited,EQ
MRPL,Mangalore Refinery and Petrochemicals Limited,EQ
MSL,Mangalam Seeds Limited,EQ
MSPL,MSP Steel & Power Limited,EQ
MSTCLTD,Mstc Limited,EQ
MSUMI,Motherson Sumi Wiring India Limited,EQ
MTNL,Mahanagar Telephone Nigam Limited,EQ
MUFIN,Mufin Green Finance Limited,EQ
MUFTI,Credo Brands Marketing Limited,EQ
MUKANDLTD,Mukand Limited,EQ
MUKESHB,Mukesh Babu Financial Services Limited,EQ
MUNJALAU,Munjal Auto Industries Limited,EQ
MUNJALSHOW,Munjal Showa Limited,EQ
MURUDCERA,Murudeshwar Ceramics Limited,EQ
MUTHOOTCAP,Muthoot Capital Services Limited,EQ
MUTHOOTFIN,Muthoot Finance Limited,EQ
MUTHOOTMF,Muthoot Microfin Limited,EQ
MVELECTRO,MV Electrosystems Limited,EQ
MVGJL,Manoj Vaibhav Gems N Jewellers Limited,EQ
MWL,Mangalam Worldwide Limited,EQ
NACLIND,NACL Industries Limited,EQ
NAGREEKCAP,Nagreeka Capital & Infrastructure Limited,EQ
NAGREEKEXP,Nagreeka Exports Limited,EQ
NAHARCAP,Nahar Capital and Financial Services Limited,EQ
NAHARINDUS,Nahar Industrial Enterprises Limited,EQ
NAHARPOLY,Nahar Poly Films Limited,EQ
NAHARSPING,Nahar Spinning Mills Limited,EQ
NAM-INDIA,Nippon Life India Asset Management Limited,EQ
NARMADA,Narmada Agrobase Limited,EQ
NATCOPHARM,Natco Pharma Limited,EQ
NATHBIOGEN,Nath Bio-Genes (India) Limited,EQ
NATIONALUM,National Aluminium Company Limited,EQ
NATIONSTD,National Standard (India) Limited,EQ
NAUKRI,Info Edge (India) Limited,EQ
NAVA,NAVA LIMITED,EQ
NAVINFLUOR,Navin Fluorine International Limited,EQ
NAVKARCORP,Navkar Corporation Limited,EQ
NAVKARURB,Navkar Urbanstructure Limited,EQ
NAVNETEDUL,Navneet Education Limited,EQ
NAZARA,Nazara Technologies Limited,EQ
NBCC,NBCC (India) Limited,EQ
NBIFIN,N. B. I. Industrial Finance Company Limited,EQ
NCC,NCC Limited,EQ
NCLIND,NCL Industries Limited,EQ
NDGL,Naga Dhunseri Group Limited,EQ
NDL,Nandan Denim Limited,EQ
NDLVENTURE,NDL Ventures Limited,EQ
NDRAUTO,Ndr Auto Components Limited,EQ
NDTV,New Delhi Television Limited,EQ
NEAGI,Neelamalai Agro Industries Limited,EQ
NECLIFE,Nectar Lifesciences Limited,EQ
NELCAST,Nelcast Limited,EQ
NELCO,NELCO Limited,EQ
NEOGEN,Neogen Chemicals Limited,EQ
NEPHROPLUS,Nephrocare Health Services Limited,EQ
NESCO,Nesco Limited,EQ
NESTLEIND,Nestle India Limited,EQ
NETWEB,Netweb Technologies India Limited,EQ
NETWORK18,Network18 Media & Investments Limited,EQ
NEULANDLAB,Neuland Laboratories Limited,EQ
NEWGEN,Newgen Software Technologies Limited,EQ
NEXTMEDIA,Next Mediaworks Limited,EQ
NFL,National Fertilizers Limited,EQ
NGIL,Nakoda Group of Industries Limited,EQ
NGLFINE,NGL Fine-Chem Limited,EQ
NH,Narayana Hrudayalaya Ltd.,EQ
NHPC,NHPC Limited,EQ
NIACL,The New India Assurance Company Limited,EQ
NIBE,NIBE Limited,EQ
NIBL,NRB Industrial Bearings Limited,EQ
NICCOPAR,Nicco Parks & Resorts Limited,EQ
NIITLTD,NIIT Limited,EQ
NIITMTS,NIIT Learning Systems Limited,EQ
NILAINFRA,Nila Infrastructures Limited,EQ
NILASPACES,Nila Spaces Limited,EQ
NILE,Nile Limited,EQ
NILKAMAL,Nilkamal Limited,EQ
NIMBSPROJ,Nimbus Projects Limited,EQ
NINSYS,NINtec Systems Limited,EQ
NIPPOBATRY,Indo-National Limited,EQ
NIRAJ,Niraj Cement Structurals Limited,EQ
NIRLON,Nirlon Limited,EQ
NITCO,Nitco Limited,EQ
NITINSPIN,Nitin Spinners Limited,EQ
NITIRAJ,Nitiraj Engineers Limited,EQ
NITTAGELA,Nitta Gelatin India Limited,EQ
NIVABUPA,Niva Bupa Health Insurance Company Limited,EQ
NKIND,NK Industries Limited,EQ
NLCINDIA,NLC India Limited,EQ
NMDC,NMDC Limited,EQ
NOCIL,NOCIL Limited,EQ
NOIDATOLL,Noida Toll Bridge Company Limited,EQ
NORBTEAEXP,Norben Tea & Exports Limited,EQ
NORTHARC,Northern Arc Capital Limited,EQ
NOVAAGRI,Nova Agritech Limited,EQ
NOVARTIND,Novartis India Limited,EQ
NPST,Network People Services Technologies Limited,EQ
NRAIL,N R Agarwal Industries Limited,EQ
NRBBEARING,NRB Bearing Limited,EQ
NSIL,Nalwa Sons Investments Limited,EQ
NSLNISP,NMDC Steel Limited,EQ
NTCIND,NTC Industries Limited,EQ
NTPC,NTPC Limited,EQ
NTPCGREEN,NTPC Green Energy Limited,EQ
NUCLEUS,Nucleus Software Exports Limited,EQ
NUVAMA,Nuvama Wealth Management Limited,EQ
NUVOCO,Nuvoco Vistas Corporation Limited,EQ
NYKAA,FSN E-Commerce Ventures Limited,EQ
OAL,Oriental Aromatics Limited,EQ
OBCL,OBCL Limited,EQ
OBEROIRLTY,Oberoi Realty Limited,EQ
ODIGMA,Odigma Consultancy Solutions Limited,EQ
ODYCORP,Odyssey Corporation Limited,EQ
OFSS,Oracle Financial Services Software Limited,EQ
OIL,Oil India Limited,EQ
OLAELEC,Ola Electric Mobility Limited,EQ
OLECTRA,Olectra Greentech Limited,EQ
OMAXAUTO,Omax Autos Limited,EQ
OMAXE,Omaxe Limited,EQ
OMINFRAL,OM INFRA LIMITED,EQ
OMNI,Omnitech Engineering Limited,EQ
OMPOWER,Om Power Transmission Limited,EQ
ONEGLOBAL,One Global Service Provider Limited,EQ
ONEPOINT,One Point One Solutions Limited,EQ
ONESOURCE,Onesource Specialty Pharma Limited,EQ
ONGC,Oil & Natural Gas Corporation Limited,EQ
ONIDA,Onida Electronics Limited,EQ
ONIXSOLAR,Onix Solar Energy Limited,EQ
ONWARDTEC,Onward Technologies Limited,EQ
OPTIEMUS,Optiemus Infracom Limited,EQ
OPTIFIN,Optimus Finance Limited,EQ
ORCHASP,Orchasp Limited,EQ
ORCHPHARMA,Orchid Pharma Limited,EQ
ORICONENT,Oricon Enterprises Limited,EQ
ORIENTALTL,Oriental Trimex Limited,EQ
ORIENTBELL,Orient Bell Limited,EQ
ORIENTCEM,Orient Cement Limited,EQ
ORIENTCER,ORIENT CERATECH LIMITED,EQ
ORIENTELEC,Orient Electric Limited,EQ
ORIENTHOT,Oriental Hotels Limited,EQ
ORIENTPPR,Orient Paper & Industries Limited,EQ
ORIENTTECH,Orient Technologies Limited,EQ
ORIRAIL,Oriental Rail Infrastructure Limited,EQ
ORISSAMINE,The Orissa Minerals Development Company Limited,EQ
ORKLAINDIA,Orkla India Limited,EQ
ORTINGLOBE,ORTIN GLOBAL LIMITED,EQ
OSWALAGRO,Oswal Agro Mills Limited,EQ
OSWALGREEN,Oswal Greentech Limited,EQ
OSWALPUMPS,Oswal Pumps Limited,EQ
OSWALSEEDS,ShreeOswal Seeds And Chemicals Limited,EQ
PACEDIGITK,Pace Digitek Limited,EQ
PACIFICI,Pacific Industries Limited,EQ
PAGEIND,Page Industries Limited,EQ
PAISALO,Paisalo Digital Limited,EQ
PAKKA,PAKKA LIMITED,EQ
PALASHSECU,Palash Securities Limited,EQ
PALREDTEC,Palred Technologies Limited,EQ
PANACEABIO,Panacea Biotec Limited,EQ
PANAMAPET,Panama Petrochem Limited,EQ
PANCHMAHQ,Panchmahal Steel Limited,EQ
PANORAMA,Panorama Studios International Limited,EQ
PANSARI,Pansari Developers Limited,EQ
PARACABLES,Paramount Communications Limited,EQ
PARADEEP,Paradeep Phosphates Limited,EQ
PARAGMILK,Parag Milk Foods Limited,EQ
PARAS,Paras Defence and Space Technologies Limited,EQ
PARASPETRO,Paras Petrofils Limited,EQ
PARKHOSPS,Park Medi World Limited,EQ
PARKHOTELS,Apeejay Surrendra Park Hotels Limited,EQ
PARNAXLAB,Parnax Lab Limited,EQ
PASHUPATI,Pashupati Cotspin Limited,EQ
PASUPTAC,Pasupati Acrylon Limited,EQ
PATANJALI,Patanjali Foods Limited,EQ
PATELENG,Patel Engineering Limited,EQ
PATELRMART,Patel Retail Limited,EQ
PATINTLOG,Patel Integrated Logistics Limited,EQ
PAUSHAKLTD,Paushak Limited,EQ
PAVNAIND,Pavna Industries Limited,EQ
PAYTM,One 97 Communications Limited,EQ
PBMPOLY,PBM Polytex Limited,EQ
PCBL,PCBL Chemical Limited,EQ
PCJEWELLER,PC Jeweller Limited,EQ
PDMJEPAPER,Pudumjee Paper Products Limited,EQ
PDSL,PDS Limited,EQ
PEARLPOLY,Pearl Polymers Limited,EQ
PENIND,Pennar Industries Limited,EQ
PENINLAND,Peninsula Land Limited,EQ
PERMAGN,Permanent Magnets Limited,EQ
PERNIASPOP,Purple Style Labs Limited,EQ
PERSISTENT,Persistent Systems Limited,EQ
PETRONET,Petronet LNG Limited,EQ
PFC,Power Finance Corporation Limited,EQ
PFIZER,Pfizer Limited,EQ
PFOCUS,Prime Focus Limited,EQ
PFS,PTC India Financial Services Limited,EQ
PGEL,PG Electroplast Limited,EQ
PGHH,Procter & Gamble Hygiene and Health Care Limited,EQ
PGHL,Procter & Gamble Health Limited,EQ
PGIL,Pearl Global Industries Limited,EQ
PHOENIXLTD,The Phoenix Mills Limited,EQ
PHOENXINTL,Phoenix International Limited,EQ
PICCADIL,Piccadily Agro Industries Limited,EQ
PIDILITIND,Pidilite Industries Limited,EQ
PIGL,Power & Instrumentation (Gujarat) Limited,EQ
PIIND,PI Industries Limited,EQ
PILANIINVS,Pilani Investment and Industries Corporation Limited,EQ
PILITA,PIL ITALICA LIFESTYLE LIMITED,EQ
PINELABS,Pine Labs Limited,EQ
PIONEEREMB,Pioneer Embroideries Limited,EQ
PIRAMALFIN,Piramal Finance Limited,EQ
PITTIENG,Pitti Engineering Limited,EQ
PIXTRANS,Pix Transmissions Limited,EQ
PLASTIBLEN,Plastiblends India Limited,EQ
PLATIND,Platinum Industries Limited,EQ
PLAZACABLE,Plaza Wires Limited,EQ
PML,Paul Merchants Limited,EQ
PNB,Punjab National Bank,EQ
PNBGILTS,PNB Gilts Limited,EQ
PNBHOUSING,PNB Housing Finance Limited,EQ
PNC,PNC Media and Entertainment Limited,EQ
PNCINFRA,PNC Infratech Limited,EQ
PNGJL,P N Gadgil Jewellers Limited,EQ
PNGSREVA,PNGS Reva Diamond Jewellery Limited,EQ
POCL,Pondy Oxides & Chemicals Limited,EQ
PODDARMENT,Poddar Pigments Limited,EQ
POEL,POCL Enterprises Limited,EQ
POKARNA,Pokarna Limited,EQ
POLICYBZR,PB Fintech Limited,EQ
POLYCAB,Polycab India Limited,EQ
POLYMED,Poly Medicure Limited,EQ
POLYPLEX,Polyplex Corporation Limited,EQ
POLYSPIN,Polyspin Exports Limited,EQ
PONNIERODE,Ponni Sugars (Erode) Limited,EQ
POONAWALLA,Poonawalla Fincorp Limited,EQ
POWERGRID,Power Grid Corporation of India Limited,EQ
POWERICA,Powerica Limited,EQ
POWERINDIA,Hitachi Energy India Limited,EQ
POWERMECH,Power Mech Projects Limited,EQ
PPLPHARMA,Piramal Pharma Limited,EQ
PRABHA,Prabha Energy Limited,EQ
PRAENG,Prajay Engineers Syndicate Limited,EQ
PRAJIND,Praj Industries Limited,EQ
PRAKASH,Prakash Industries Limited,EQ
PRAKASHSTL,Prakash Steelage Limited,EQ
PRANAV,Pranav Constructions Limited,EQ
PRASOLCHEM,Prasol Chemicals Limited,EQ
PRAVEG,Praveg Limited,EQ
PRAXIS,Praxis Home Retail Limited,EQ
PRECAM,Precision Camshafts Limited,EQ
PRECOT,Precot Limited,EQ
PRECWIRE,Precision Wires India Limited,EQ
PREMCO,Premco Global Limited,EQ
PREMEXPLN,Premier Explosives Limited,EQ
PREMIERENE,Premier Energies Limited,EQ
PREMIERPOL,Premier Polyfilm Limited,EQ
PRESTIGE,Prestige Estates Projects Limited,EQ
PRICOLLTD,Pricol Limited,EQ
PRIMESECU,Prime Securities Limited,EQ
PRIMO,Primo Chemicals Limited,EQ
PRINCEPIPE,Prince Pipes And Fittings Limited,EQ
PRIORITY,Priority Jewels Limited,EQ
PRISMX,Prismx Global Ventures Limited,EQ
PRITI,Priti International Limited,EQ
PRIVISCL,Privi Speciality Chemicals Limited,EQ
PROSTARM,Prostarm Info Systems Limited,EQ
PROTEAN,Protean eGov Technologies Limited,EQ
PROZONER,Prozone Realty Limited,EQ
PRSMJOHNSN,Prism Johnson Limited,EQ
PRUDENT,Prudent Corporate Advisory Services Limited,EQ
PRUDMOULI,Prudential Sugar Corporation Limited,EQ
PSB,Punjab & Sind Bank,EQ
PSPPROJECT,PSP Projects Limited,EQ
PTC,PTC India Limited,EQ
PTCIL,PTC Industries Limited,EQ
PTL,PTL Enterprises Limited,EQ
PUNJABCHEM,Punjab Chemicals & Crop Protection Limited,EQ
PURVA,Puravankara Limited,EQ
PVP,PVP Ventures Limited,EQ
PVRINOX,PVR INOX Limited,EQ
PVSL,Popular Vehicles and Services Limited,EQ
PWL,Physicswallah Limited,EQ
PYRAMID,Pyramid Technoplast Limited,EQ
QPOWER,Quality Power Electrical Equipments Limited,EQ
QUADFUTURE,Quadrant Future Tek Limited,EQ
QUESS,Quess Corp Limited,EQ
QUICKHEAL,Quick Heal Technologies Limited,EQ
RACE,Race Eco Chain Limited,EQ
RACLGEAR,RACL Geartech Limited,EQ
RADAAN,Radaan Mediaworks India Limited,EQ
RADIANTCMS,Radiant Cash Management Services Limited,EQ
RADICO,Radico Khaitan Limited,EQ
RADIOCITY,Music Broadcast Limited,EQ
RAILTEL,Railtel Corporation Of India Limited,EQ
RAIN,Rain Industries Limited,EQ
RAINBOW,Rainbow Childrens Medicare Limited,EQ
RAJMET,Rajnandini Metal Limited,EQ
RAJPALAYAM,Rajapalayam Mills Limited,EQ
RAJRATAN,Rajratan Global Wire Limited,EQ
RAJSREESUG,Rajshree Sugars & Chemicals Limited,EQ
RAJTV,Raj Television Network Limited,EQ
RALLIS,Rallis India Limited,EQ
RAMANEWS,Shree Rama Newsprint Limited,EQ
RAMAPHO,Rama Phosphates Limited,EQ
RAMBHAJO,Advit Jewels Limited,EQ
RAMCOCEM,The Ramco Cements Limited,EQ
RAMCOIND,Ramco Industries Limited,EQ
RAMCOSYS,Ramco Systems Limited,EQ
RAMKY,Ramky Infrastructure Limited,EQ
RAMRAT,Ram Ratna Wires Limited,EQ
RANASUG,Rana Sugars Limited,EQ
RANEHOLDIN,Rane Holdings Limited,EQ
RATEGAIN,Rategain Travel Technologies Limited,EQ
RATNAMANI,Ratnamani Metals & Tubes Limited,EQ
RATNAVEER,Ratnaveer Precision Engineering Limited,EQ
RAYMOND,Raymond Limited,EQ
RAYMONDLSL,Raymond Lifestyle Limited,EQ
RAYMONDREL,Raymond Realty Limited,EQ
RBA,Restaurant Brands Asia Limited,EQ
RBLBANK,RBL Bank Limited,EQ
RCF,Rashtriya Chemicals and Fertilizers Limited,EQ
RECLTD,REC Limited,EQ
REDINGTON,Redington Limited,EQ
REDTAPE,Redtape Limited,EQ
REFEX,Refex Industries Limited,EQ
REGAAL,Regaal Resources Limited,EQ
REGENCERAM,Regency Ceramics Limited,EQ
RELAXO,Relaxo Footwears Limited,EQ
RELCHEMQ,Reliance Chemotex Industries Limited,EQ
RELIABLE,Reliable Data Services Limited,EQ
RELIANCE,Reliance Industries Limited,EQ
RELIGARE,Religare Enterprises Limited,EQ
RELTD,Ravindra Energy Limited,EQ
REMSONSIND,Remsons Industries Limited,EQ
RENTOMOJO,Rentomojo Limited,EQ
RENUKA,Shree Renuka Sugars Limited,EQ
REPCOHOME,Repco Home Finance Limited,EQ
REPL,Rudrabhishek Enterprises Limited,EQ
REPRO,Repro India Limited,EQ
RESPONIND,Responsive Industries Limited,EQ
RETAIL,JHS Svendgaard Retail Ventures Limited,EQ
RGL,Renaissance Global Limited,EQ
RHETAN,Rhetan TMT Limited,EQ
RHIM,RHI MAGNESITA INDIA LIMITED,EQ
RHL,Robust Hotels Limited,EQ
RICOAUTO,Rico Auto Industries Limited,EQ
RIIL,Reliance Industrial Infrastructure Limited,EQ
RIR,RIR Power Electronics Limited,EQ
RISHABH,Rishabh Instruments Limited,EQ
RITCO,Ritco Logistics Limited,EQ
RITES,RITES Limited,EQ
RKDL,Ravi Kumar Distilleries Limited,EQ
RKEC,RKEC Projects Limited,EQ
RKFORGE,Ramkrishna Forgings Limited,EQ
RKSWAMY,R K Swamy Limited,EQ
RMC,RMC Switchgears Limited,EQ
RML,Rane (Madras) Limited,EQ
ROHLTD,Royal Orchid Hotels Limited,EQ
ROLEXRINGS,Rolex Rings Limited,EQ
ROML,Raj Oil Mills Limited,EQ
ROSSARI,Rossari Biotech Limited,EQ
ROSSELLIND,Rossell India Limited,EQ
ROSSTECH,Rossell Techsys Limited,EQ
ROTO,Roto Pumps Limited,EQ
ROUTE,ROUTE MOBILE LIMITED,EQ
RPEL,Raghav Productivity Enhancers Limited,EQ
RPGLIFE,RPG Life Sciences Limited,EQ
RPOWER,Reliance Power Limited,EQ
RPPINFRA,R.P.P. Infra Projects Limited,EQ
RPSGVENT,RPSG VENTURES LIMITED,EQ
RPTECH,Rashi Peripherals Limited,EQ
RRECL,RDB Real Estate Constructions Limited,EQ
RRIL,RRIL Limited,EQ
RRKABEL,R R Kabel Limited,EQ
RSL,Rajputana Stainless Limited,EQ
RSSOFTWARE,R. S. Software (India) Limited,EQ
RSWM,RSWM Limited,EQ
RSYSTEMS,R Systems International Limited,EQ
RTNINDIA,RattanIndia Enterprises Limited,EQ
RTNPOWER,RattanIndia Power Limited,EQ
RTSPOWR,RTS Power Corporation Limited,EQ
RUBFILA,Rubfila International Limited,EQ
RUBICON,Rubicon Research Limited,EQ
RUBYMILLS,The Ruby Mills Limited,EQ
RUCHINFRA,Ruchi Infrastructure Limited,EQ
RUCHIRA,Ruchira Papers Limited,EQ
RUDRA,Rudra Global Infra Products Limited,EQ
RUPA,Rupa & Company Limited,EQ
RUSHIL,Rushil Decor Limited,EQ
RUSTOMJEE,Keystone Realtors Limited,EQ
RVHL,Ravinder Heights Limited,EQ
RVNL,Rail Vikas Nigam Limited,EQ
RVTH,Revathi Equipment India Limited,EQ
S&SPOWER,S&S Power Switchgears Limited,EQ
SAATVIKGL,Saatvik Green Energy Limited,EQ
SAB,SAB Industries Limited,EQ
SADBHAV,Sadbhav Engineering Limited,EQ
SADBHIN,Sadbhav Infrastructure Project Limited,EQ
SAFARI,Safari Industries (India) Limited,EQ
SAGARDEEP,Sagardeep Alloys Limited,EQ
SAGCEM,Sagar Cements Limited,EQ
SAGILITY,SAGILITY LIMITED,EQ
SAHLIBHFI,Shalibhadra Finance Limited,EQ
SAHYADRI,Sahyadri Industries Limited,EQ
SAICAPI,Sai Capital Limited,EQ
SAIL,Steel Authority of India Limited,EQ
SAILIFE,Sai Life Sciences Limited,EQ
SAIPARENT,Sai Parenterals Limited,EQ
SAKAR,Sakar Healthcare Limited,EQ
SAKHTISUG,Sakthi Sugars Limited,EQ
SAKSOFT,Saksoft Limited,EQ
SAKUMA,Sakuma Exports Limited,EQ
SALASAR,Salasar Techno Engineering Limited,EQ
SALONA,Salona Cotspin Limited,EQ
SALSTEEL,S.A.L. Steel Limited,EQ
SALZERELEC,Salzer Electronics Limited,EQ
SAMBANDAM,Sambandam Spinning Mills Limited,EQ
SAMBHAAV,Sambhaav Media Limited,EQ
SAMBHV,Sambhv Steel Tubes Limited,EQ
SAMHI,Samhi Hotels Limited,EQ
SAMMAANCAP,Sammaan Capital Limited,EQ
SAMPANN,Sampann Utpadan India Limited,EQ
SANATHAN,Sanathan Textiles Limited,EQ
SANDESH,The Sandesh Limited,EQ
SANDHAR,Sandhar Technologies Limited,EQ
SANDUMA,Sandur Manganese & Iron Ores Limited,EQ
SANGAMIND,Sangam (India) Limited,EQ
SANGHVIMOV,Sanghvi Movers Limited,EQ
SANOFI,Sanofi India Limited,EQ
SANOFICONR,Sanofi Consumer Healthcare India Limited,EQ
SANSERA,Sansera Engineering Limited,EQ
SANSTAR,Sanstar Limited,EQ
SAPPHIRE,Sapphire Foods India Limited,EQ
SAPPL,Shree Ajit Pulp & Paper Limited,EQ
SARDAEN,Sarda Energy & Minerals Limited,EQ
SAREGAMA,Saregama India Limited,EQ
SARLAPOLY,Sarla Performance Fibers Limited,EQ
SARVESHWAR,Sarveshwar Foods Limited,EQ
SASKEN,Sasken Technologies Limited,EQ
SATIA,Satia Industries Limited,EQ
SATIN,Satin Creditcare Network Limited,EQ
SAURASHCEM,Saurashtra Cement Limited,EQ
SAYAJIHOTL,Sayaji Hotels Limited,EQ
SAYAJIIND,Sayaji Industries Limited,EQ
SBC,SBC Exports Limited,EQ
SBCL,Shivalik Bimetal Controls Limited,EQ
SBFC,SBFC Finance Limited,EQ
SBGLP,Suratwwala Business Group Limited,EQ
SBICARD,SBI Cards and Payment Services Limited,EQ
SBIFUNDS,SBI Funds Management Limited,EQ
SBILIFE,SBI Life Insurance Company Limited,EQ
SBIN,State Bank of India,EQ
SCHAEFFLER,Schaeffler India Limited,EQ
SCHAND,S Chand And Company Limited,EQ
SCHNEIDER,Schneider Electric Infrastructure Limited,EQ
SCI,Shipping Corporation Of India Limited,EQ
SCILAL,Shipping Corporation of India Land and Assets Limited,EQ
SCODATUBES,Scoda Tubes Limited,EQ
SDBL,Som Distilleries & Breweries Limited,EQ
SEAMECLTD,Seamec Limited,EQ
SECMARK,SecMark Consultancy Limited,EQ
SECURKLOUD,SECUREKLOUD TECHNOLOGIES LIMITED,EQ
SEDEMAC,SEDEMAC Mechatronics Limited,EQ
SEIL,Shanti Educational Initiatives Limited,EQ
SEJALLTD,Sejal Glass Limited,EQ
SEKURITIND,Saint Gobain Sekurit India Limited,EQ
SEMAC,Semac Construction Limited,EQ
SENCO,Senco Gold Limited,EQ
SENORES,Senores Pharmaceuticals Limited,EQ
SEPC,SEPC Limited,EQ
SERVOTECH,Servotech Renewable Power System Limited,EQ
SESHAPAPER,Seshasayee Paper and Boards Limited,EQ
SETL,Standard Engineering Technology Limited,EQ
SFL,Sheela Foam Limited,EQ
SGFIN,SG Finserve Limited,EQ
SGIL,Synergy Green Industries Limited,EQ
SGL,STL Global Limited,EQ
SGLRES,SGL Resources Limited,EQ
SGMART,SG Mart Limited,EQ
SGRL,Shree Ganesh Remedies Limited,EQ
SHADOWFAX,Shadowfax Technologies Limited,EQ
SHAH,Shah Metacorp Limited,EQ
SHAILY,Shaily Engineering Plastics Limited,EQ
SHAKTIPUMP,Shakti Pumps (India) Limited,EQ
SHALBY,Shalby Limited,EQ
SHANKARA,Shankara Building Products Limited,EQ
SHANKESH,Shankesh Jewellers Limited,EQ
SHANTI,Shanti Overseas (India) Limited,EQ
SHANTIGEAR,Shanthi Gears Limited,EQ
SHANTIGOLD,Shanti Gold International Limited,EQ
SHARDACROP,Sharda Cropchem Limited,EQ
SHARDAMOTR,Sharda Motor Industries Limited,EQ
SHAREINDIA,Share India Securities Limited,EQ
SHBAJRG,Shri Bajrang Alliance Limited,EQ
SHERVANI,Shervani Industrial Syndicate Limited,EQ
SHILCTECH,Shilchar Technologies Limited,EQ
SHILGRAVQ,Shilp Gravures Limited,EQ
SHILPAMED,Shilpa Medicare Limited,EQ
SHINDL,Sharat Industries Limited,EQ
SHIPROCKET,Shiprocket Limited,EQ
SHIVAAGRO,Shiva Global Agro Industries Limited,EQ
SHIVACEM,Shiva Cement Limited,EQ
SHIVALIK,Shivalik Rasayan Limited,EQ
SHIVAMAUTO,Shivam Autotech Limited,EQ
SHIVAMILLS,Shiva Mills Limited,EQ
SHIVATEX,Shiva Texyarn Limited,EQ
SHIVAUM,Shiv Aum Steels Limited,EQ
SHK,S H Kelkar and Company Limited,EQ
SHOPERSTOP,Shoppers Stop Limited,EQ
SHRADDHA,Shraddha Prime Projects Limited,EQ
SHRADHA,Shradha Realty Limited,EQ
SHREDIGCEM,Shree Digvijay Cement Co.Ltd,EQ
SHREECEM,SHREE CEMENT LIMITED,EQ
SHREEJISPG,Shreeji Shipping Global Limited,EQ
SHREEPUSHK,Shree Pushkar Chemicals & Fertilisers Limited,EQ
SHREERAMA,Shree Rama Multi-Tech Limited,EQ
SHREYANIND,Shreyans Industries Limited,EQ
SHRIKRISH,Shri Krishna Devcon Limited,EQ
SHRINGARMS,Shringar House of Mangalsutra Limited,EQ
SHRIPISTON,SPR Auto Technologies Limited,EQ
SHRIRAMFIN,Shriram Finance Limited,EQ
SHRIRAMPPS,Shriram Properties Limited,EQ
SHRJAGP,Shri Jagdamba Polymers Limited,EQ
SHUKRAPHAR,Shukra Pharmaceuticals Limited,EQ
SHYAMMETL,Shyam Metalics and Energy Limited,EQ
SHYAMTEL,Shyam Telecom Limited,EQ
SICAGEN,Sicagen India Limited,EQ
SIEL,Superior Industrial Enterprises Limited,EQ
SIEMENS,Siemens Limited,EQ
SIGACHI,Sigachi Industries Limited,EQ
SIGMA,Sigma Solve Limited,EQ
SIGNATURE,Signatureglobal (India) Limited,EQ
SIGNPOST,Signpost India Limited,EQ
SIKA,Sika Interplant Systems Limited,EQ
SIL,Standard Industries Limited,EQ
SILGO,Silgo Retail Limited,EQ
SILINV,SIL Investments Limited,EQ
SILVERTUC,Silver Touch Technologies Limited,EQ
SIMPLEXINF,Simplex Infrastructures Limited,EQ
SIMPLXREA,Simplex Realty Limited,EQ
SINCLAIR,Sinclairs Hotels Limited,EQ
SINDHUTRAD,Sindhu Trade Links Limited,EQ
SINGERIND,Singer India Limited,EQ
SINTERCOM,Sintercom India Limited,EQ
SIRCA,Sirca Paints India Limited,EQ
SIS,SIS LIMITED,EQ
SIYSIL,Siyaram Silk Mills Limited,EQ
SJS,S.J.S. Enterprises Limited,EQ
SJVN,SJVN Limited,EQ
SKFINDIA,SKF India Limited,EQ
SKFINDUS,SKF India (Industrial) Limited,EQ
SKIPPER,Skipper Limited,EQ
SKMEGGPROD,SKM Egg Products Export (India) Limited,EQ
SKYGOLD,SKY GOLD AND DIAMONDS LIMITED,EQ
SKYWAYS,Skyways Air Services Limited,EQ
SMARTWORKS,Smartworks Coworking Spaces Limited,EQ
SMCGLOBAL,SMC Global Securities Limited,EQ
SMLMAH,SML Mahindra Limited,EQ
SMLT,Sarthak Metals Limited,EQ
SMSPHARMA,SMS Pharmaceuticals Limited,EQ
SNOWMAN,Snowman Logistics Limited,EQ
SOBHA,Sobha Limited,EQ
SOFTTECH,Softtech Engineers Limited,EQ
SOLARA,Solara Active Pharma Sciences Limited,EQ
SOLARINDS,Solar Industries India Limited,EQ
SOLARWORLD,Solarworld Energy Solutions Limited,EQ
SOLEX,Solex Energy Limited,EQ
SOMANYCERA,Somany Ceramics Limited,EQ
SOMATEX,Soma Textiles & Industries Limited,EQ
SOMICONVEY,Somi Conveyor Beltings Limited,EQ
SONACOMS,Sona BLW Precision Forgings Limited,EQ
SONAL,Sonal Mercantile Limited,EQ
SONATSOFTW,Sonata Software Limited,EQ
SOTL,Savita Oil Technologies Limited,EQ
SOUTHBANK,The South Indian Bank Limited,EQ
SOUTHWEST,South West Pinnacle Exploration Limited,EQ
SPAL,S. P. Apparels Limited,EQ
SPANDANA,Spandana Sphoorty Financial Limited,EQ
SPARC,Sun Pharma Advanced Research Company Limited,EQ
SPCENET,Spacenet Enterprises India Limited,EQ
SPENCERS,Spencer's Retail Limited,EQ
SPIC,Southern Petrochemicals Industries Corporation  Limited,EQ
SPLIL,SPL Industries Limited,EQ
SPLPETRO,Supreme Petrochem Limited,EQ
SPMLINFRA,SPML Infra Limited,EQ
SPORTKING,Sportking India Limited,EQ
SRD,Shankar Lal Rampal Dye-Chem Limited,EQ
SRF,SRF Limited,EQ
SRGHFL,SRG Housing Finance Limited,EQ
SRHHYPOLTD,Sree Rayalaseema Hi-Strength Hypo Limited,EQ
SRM,SRM Contractors Limited,EQ
SRTL,Shree Ram Twistex Limited,EQ
SSDL,Saraswati Saree Depot Limited,EQ
SSRETAIL,SS Retail Limited,EQ
SSWL,Steel Strips Wheels Limited,EQ
STANLEY,Stanley Lifestyles Limited,EQ
STAR,Strides Pharma Science Limited,EQ
STARCEMENT,Star Cement Limited,EQ
STARHEALTH,Star Health and Allied Insurance Company Limited,EQ
STARPAPER,Star Paper Mills Limited,EQ
STARTECK,Starteck Finance Limited,EQ
STCINDIA,The State Trading Corporation of India Limited,EQ
STEAMHOUSE,Steamhouse India Limited,EQ
STEELCAS,Steelcast Limited,EQ
STEELCITY,Steel City Securities Limited,EQ
STEELXIND,STEEL EXCHANGE INDIA LIMITED,EQ
STEL,Stel Holdings Limited,EQ
STLNETWORK,STL Networks Limited,EQ
STLSTRINF,Steel Strips Infrastructures Limited,EQ
STOVEKRAFT,Stove Kraft Limited,EQ
STUDDS,Studds Accessories Limited,EQ
STYL,Seshaasai Technologies Limited,EQ
STYLAMIND,Stylam Industries Limited,EQ
STYLEBAAZA,Baazar Style Retail Limited,EQ
STYRENIX,Styrenix Performance Materials Limited,EQ
SUBEXLTD,Subex Limited,EQ
SUBROS,Subros Limited,EQ
SUDARCOLOR,Sudarshan Colorants India Limited,EQ
SUDARSCHEM,Sudarshan Chemical Industries Limited,EQ
SUDEEPPHRM,Sudeep Pharma Limited,EQ
SUKHJITS,Sukhjit Starch & Chemicals Limited,EQ
SULA,Sula Vineyards Limited,EQ
SUMEDHA,Sumedha Fiscal Services Limited,EQ
SUMEETINDS,Sumeet Industries Limited,EQ
SUMICHEM,Sumitomo Chemical India Limited,EQ
SUMIT,Sumit Woods Limited,EQ
SUMMITSEC,Summit Securities Limited,EQ
SUNCLAY,Sundaram Clayton Limited,EQ
SUNDARAM,Sundaram Multi Pap Limited,EQ
SUNDARMFIN,Sundaram Finance Limited,EQ
SUNDRMFAST,Sundram Fasteners Limited,EQ
SUNDROP,Sundrop Brands Limited,EQ
SUNFLAG,Sunflag Iron And Steel Company Limited,EQ
SUNLOC,Sunil Healthcare Limited,EQ
SUNPHARMA,Sun Pharmaceutical Industries Limited,EQ
SUNRAKSHAK,Sunrakshakk Industries India Limited,EQ
SUNSHIEL,Sunshield Chemicals Limited,EQ
SUNSHINE,Sunshine Pictures Limited,EQ
SUNTECK,Sunteck Realty Limited,EQ
SUNTV,Sun TV Network Limited,EQ
SUPERHOUSE,Superhouse Limited,EQ
SUPRAJIT,Suprajit Engineering Limited,EQ
SUPREME,Supreme Holdings & Hospitality (India) Limited,EQ
SUPREMEIND,Supreme Industries Limited,EQ
SUPREMEINF,Supreme Infrastructure India Limited,EQ
SUPRIYA,Supriya Lifescience Limited,EQ
SURAJEST,Suraj Estate Developers Limited,EQ
SURAJLTD,Suraj Limited,EQ
SURAKSHA,Suraksha Diagnostic Limited,EQ
SURANASOL,Surana Solar Limited,EQ
SURANAT&P,Surana Telecom and Power Limited,EQ
SURYALA,Suryalata Spinning Mills Limited,EQ
SURYALAXMI,Suryalakshmi Cotton Mills Limited,EQ
SURYAROSNI,Surya Roshni Limited,EQ
SURYODAY,Suryoday Small Finance Bank Limited,EQ
SUVEN,Suven Life Sciences Limited,EQ
SUVIDHAA,Suvidhaa Infoserve Limited,EQ
SUYOG,Suyog Telematics Limited,EQ
SUZLON,Suzlon Energy Limited,EQ
SVGLOBAL,S V Global Mill Limited,EQ
SVLL,Shree Vasu Logistics Limited,EQ
SVPGLOB,SVP GLOBAL TEXTILES LIMITED,EQ
SWANCORP,SWAN CORP LIMITED,EQ
SWARAJENG,Swaraj Engines Limited,EQ
SWARNSAR,Swarnsarita Jewels India Limited,EQ
SWELECTES,Swelect Energy Systems Limited,EQ
SWIGGY,Swiggy Limited,EQ
SWSOLAR,Sterling and Wilson Renewable Energy Limited,EQ
SYMBIOTEC,Symbiotec Pharmalab Limited,EQ
SYMPHONY,Symphony Limited,EQ
SYNCOMF,Syncom Formulations (India) Limited,EQ
SYNGENE,Syngene International Limited,EQ
SYRMA,Syrma SGS Technology Limited,EQ
TAALTECH,Taal Tech Limited,EQ
TAINWALCHM,Tainwala Chemical and Plastic (I) Limited,EQ
TAJGVK,Taj GVK Hotels & Resorts Limited,EQ
TAKE,TAKE Limited,EQ
TALBROAUTO,Talbros Automotive Components Limited,EQ
TANAA,Taneja Aerospace & Aviation Limited,EQ
TANLA,Tanla Platforms Limited,EQ
TARACHAND,Tara Chand InfraLogistic Solutions Limited,EQ
TARAPUR,Tarapur Transformers Limited,EQ
TARC,TARC Limited,EQ
TARIL,Transformers And Rectifiers (India) Limited,EQ
TARMAT,Tarmat Limited,EQ
TARSONS,Tarsons Products Limited,EQ
TASTYBITE,Tasty Bite Eatables Limited,EQ
TATACAP,Tata Capital Limited,EQ
TATACHEM,Tata Chemicals Limited,EQ
TATACOMM,Tata Communications Limited,EQ
TATACONSUM,TATA CONSUMER PRODUCTS LIMITED,EQ
TATAELXSI,Tata Elxsi Limited,EQ
TATAINVEST,Tata Investment Corporation Limited,EQ
TATAPOWER,Tata Power Company Limited,EQ
TATASTEEL,Tata Steel Limited,EQ
TATATECH,Tata Technologies Limited,EQ
TATVA,Tatva Chintan Pharma Chem Limited,EQ
TBOTEK,TBO Tek Limited,EQ
TCC,TCC Concept Limited,EQ
TCI,Transport Corporation of India Limited,EQ
TCIEXP,TCI Express Limited,EQ
TCIFINANCE,TCI Finance Limited,EQ
TCPLPACK,TCPL Packaging Limited,EQ
TCS,Tata Consultancy Services Limited,EQ
TDPOWERSYS,TD Power Systems Limited,EQ
TEAMGTY,Team India Guaranty Limited,EQ
TEAMLEASE,Teamlease Services Limited,EQ
TECHM,Tech Mahindra Limited,EQ
TECHNOCRAF,Technocraft Ventures Limited,EQ
TECHNOE,Techno Electric & Engineering Company Limited,EQ
TECHNVISN,TechNVision Ventures Limited,EQ
TECILCHEM,TECIL Chemicals and Hydro Power Limited,EQ
TEGA,Tega Industries Limited,EQ
TEJASNET,Tejas Networks Limited,EQ
TEMBO,Tembo Global Industries Limited,EQ
TEMPSENS,Tempsens Instruments (India) Limited,EQ
TENNIND,Tenneco Clean Air India Limited,EQ
TERAI,Terai Tea Company Limited,EQ
TERASOFT,Tera Software Limited,EQ
TEXINFRA,Texmaco Infrastructure & Holdings Limited,EQ
TEXMOPIPES,Texmo Pipes and Products Limited,EQ
TEXRAIL,Texmaco Rail & Engineering Limited,EQ
TFCILTD,Tourism Finance Corporation of India Limited,EQ
TFL,Transwarranty Finance Limited,EQ
TGBHOTELS,TGB Banquets And Hotels Limited,EQ
TGVSL,TGV Sraac Limited,EQ
THACKER,Thacker & Company Limited,EQ
THAKDEV,Thakkers Developers Limited,EQ
THANGAMAYL,Thangamayil Jewellery Limited,EQ
THEINVEST,The Investment Trust Of India Limited,EQ
THEJO,Thejo Engineering Limited,EQ
THELEELA,Leela Palaces Hotels & Resorts Limited,EQ
THEMISMED,Themis Medicare Limited,EQ
THERMAX,Thermax Limited,EQ
THOMASCOOK,Thomas Cook  (India)  Limited,EQ
THOMASCOTT,Thomas Scott (India) Limited,EQ
THYROCARE,Thyrocare Technologies Limited,EQ
TI,Tilaknagar Industries Limited,EQ
TIGERLOGS,Tiger Logistics (India) Limited,EQ
TIIL,Technocraft Industries (India) Limited,EQ
TIINDIA,Tube Investments of India Limited,EQ
TIMETECHNO,Time Technoplast Limited,EQ
TIMEX,Timex Group India Limited,EQ
TIMKEN,Timken India Limited,EQ
TINNARUBR,Tinna Rubber and Infrastructure Limited,EQ
TIPSFILMS,Tips Films Limited,EQ
TIPSMUSIC,Tips Music Limited,EQ
TIRUMALCHM,Thirumalai Chemicals Limited,EQ
TITAGARH,TITAGARH RAIL SYSTEMS LIMITED,EQ
TITAN,Titan Company Limited,EQ
TMB,Tamilnad Mercantile Bank Limited,EQ
TMCV,Tata Motors Limited,EQ
TMPV,Tata Motors Passenger Vehicles Limited,EQ
TNPETRO,Tamilnadu PetroProducts Limited,EQ
TNPL,Tamil Nadu Newsprint & Papers Limited,EQ
TNTELE,Tamilnadu Telecommunication Limited,EQ
TOKYOPLAST,Tokyo Plast International Limited,EQ
TOLINS,Tolins Tyres Limited,EQ
TORNTPHARM,Torrent Pharmaceuticals Limited,EQ
TORNTPOWER,Torrent Power Limited,EQ
TOUCHWOOD,Touchwood Entertainment Limited,EQ
TOYAMSL,Toyam Sports Limited,EQ
TPLPLASTEH,TPL Plastech Limited,EQ
TRACXN,Tracxn Technologies Limited,EQ
TRANSCOR,Transcorp International Limited,EQ
TRANSRAILL,Transrail Lighting Limited,EQ
TRAVELFOOD,Travel Food Services Limited,EQ
TREEHOUSE,Tree House Education & Accessories Limited,EQ
TREJHARA,TREJHARA SOLUTIONS LIMITED,EQ
TREL,Transindia Real Estate Limited,EQ
TRENT,Trent Limited,EQ
TRF,TRF Limited,EQ
TRIDENT,Trident Limited,EQ
TRIGYN,Trigyn Technologies Limited,EQ
TRITONV,Triton Valves Limited,EQ
TRITURBINE,Triveni Turbine Limited,EQ
TRIVENI,Triveni Engineering & Industries Limited,EQ
TRU,TruCap Finance Limited,EQ
TRUALT,TruAlt Bioenergy Limited,EQ
TSFINV,TSF INVESTMENTS LIMITED,EQ
TTKHLTCARE,TTK Healthcare Limited,EQ
TTKPRESTIG,TTK Prestige Limited,EQ
TTL,T T Limited,EQ
TTML,Tata Teleservices (Maharashtra) Limited,EQ
TURTLEMINT,Turtlemint Fintech Solutions Limited,EQ
TUTIALKA,Tuticorin Alkali Chemicals & Fertilizers Limited,EQ
TVSELECT,TVS Electronics Limited,EQ
TVSHLTD,TVS Holdings Limited,EQ
TVSMOTOR,TVS Motor Company Limited,EQ
TVSSCS,TVS Supply Chain Solutions Limited,EQ
TVSSRICHAK,TVS Srichakra Limited,EQ
TVTODAY,TV Today Network Limited,EQ
UBL,United Breweries Limited,EQ
UCOBANK,UCO Bank,EQ
UDAYJEW,Uday Jewellery Industries Limited,EQ
UDS,Updater Services Limited,EQ
UEL,Ujaas Energy Limited,EQ
UFLEX,UFLEX Limited,EQ
UFO,UFO Moviez India Limited,EQ
UGARSUGAR,The Ugar Sugar Works Limited,EQ
UGROCAP,Ugro Capital Limited,EQ
UJJIVANSFB,Ujjivan Small Finance Bank Limited,EQ
ULTRACEMCO,UltraTech Cement Limited,EQ
ULTRAMAR,Ultramarine & Pigments Limited,EQ
UMESLTD,Usha Martin Education & Solutions Limited,EQ
UMIYA-MRO,UMIYA BUILDCON LIMITED,EQ
UNICHEMLAB,Unichem Laboratories Limited,EQ
UNIDT,United Drilling Tools Limited,EQ
UNIECOM,Unicommerce Esolutions Limited,EQ
UNIENTER,Uniphos Enterprises Limited,EQ
UNIINFO,Uniinfo Telecom Services Limited,EQ
UNIMECH,Unimech Aerospace and Manufacturing Limited,EQ
UNIONBANK,Union Bank of India,EQ
UNIPARTS,Uniparts India Limited,EQ
UNITDSPR,United Spirits Limited,EQ
UNITECH,Unitech Limited,EQ
UNITEDPOLY,United Polyfab Gujarat Limited,EQ
UNITEDTEA,The United Nilgiri Tea Estates Company Limited,EQ
UNIVCABLES,Universal Cables Limited,EQ
UNOMINDA,UNO Minda Limited,EQ
UPHOT,U P Hotels Limited,EQ
UPL,UPL Limited,EQ
URBANCO,Urban Company Limited,EQ
URJA,Urja Global Limited,EQ
USHAMART,Usha Martin Limited,EQ
USK,Udayshivakumar Infra Limited,EQ
UTIAMC,UTI Asset Management Company Limited,EQ
UTKARSHBNK,Utkarsh Small Finance Bank Limited,EQ
UTLSOLAR,Fujiyama Power Systems Limited,EQ
UTTAMSUGAR,Uttam Sugar Mills Limited,EQ
V2RETAIL,V2 Retail Limited,EQ
VADILALIND,Vadilal Industries Limited,EQ
VADILENT,Vadilal Enterprises Limited,EQ
VAIBHAVGBL,Vaibhav Global Limited,EQ
VAISHALI,Vaishali Pharma Limited,EQ
VAKRANGEE,Vakrangee Limited,EQ
VALIANTORG,Valiant Organics Limited,EQ
VAML,Vedanta Aluminium Metal Limited,EQ
VARDMNPOLY,Vardhman Polytex Limited,EQ
VARROC,Varroc Engineering Limited,EQ
VASCONEQ,Vascon Engineers Limited,EQ
VASUPRADA,Shri Vasuprada Plantations Limited,EQ
VASWANI,Vaswani Industries Limited,EQ
VBL,Varun Beverages Limited,EQ
VEDAVAAG,VEDAVAAG Systems Limited,EQ
VEDL,Vedanta Limited,EQ
VEDPOWER,Vedanta Power Limited,EQ
VEEDOL,Veedol Corporation Limited,EQ
VENKEYS,Venky's (India) Limited,EQ
VENTIVE,Ventive Hospitality Limited,EQ
VENUSPIPES,Venus Pipes & Tubes Limited,EQ
VENUSREM,Venus Remedies Limited,EQ
VERANDA,Veranda Learning Solutions Limited,EQ
VERTOZ,Vertoz Limited,EQ
VESUVIUS,Vesuvius India Limited,EQ
VETO,Veto Switchgears And Cables Limited,EQ
VGCL,Vibrant Global Capital Limited,EQ
VGL,VARVEE GLOBAL LIMITED,EQ
VGUARD,V-Guard Industries Limited,EQ
VHL,Vardhman Holdings Limited,EQ
VIDHIING,Vidhi Specialty Food Ingredients Limited,EQ
VIDYAWIRES,Vidya Wires Limited,EQ
VIJAYA,Vijaya Diagnostic Centre Limited,EQ
VIJSOLX,Vijay Solvex Limited,EQ
VIKASECO,Vikas EcoTech Limited,EQ
VIKASLIFE,Vikas Lifecare Limited,EQ
VIKRAMSOLR,Vikram Solar Limited,EQ
VIKRAN,Vikran Engineering Limited,EQ
VIMTALABS,Vimta Labs Limited,EQ
VINATIORGA,Vinati Organics Limited,EQ
VINCOFE,Vintage Coffee And Beverages Limited,EQ
VINDHYATEL,Vindhya Telelinks Limited,EQ
VINEETLAB,Vineet Laboratories Limited,EQ
VINNY,Vinny Overseas Limited,EQ
VINYLINDIA,Vinyl Chemicals (India) Limited,EQ
VIPCLOTHNG,VIP Clothing Limited,EQ
VIPIND,VIP Industries Limited,EQ
VIRAT,Virat Industries Limited,EQ
VIRINCHI,Virinchi Limited,EQ
VISACHROME,VISA Chrome Limited,EQ
VISAKAIND,Visaka Industries Limited,EQ
VISHAL,Vishal Fabrics Limited,EQ
VISHNU,Vishnu Chemicals Limited,EQ
VISHWARAJ,Vishwaraj Sugar Industries Limited,EQ
VISL,Vedanta Iron and Steel Limited,EQ
VITAL,Vital Chemtech Limited,EQ
VIVIANA,Viviana Power Tech Limited,EQ
VIVIDHA,Visagar Polytex Limited,EQ
VIVOBIOT,Vivo Bio Tech Limited,EQ
VIYASH,Viyash Scientific Limited,EQ
VLEGOV,VL E-Governance & IT Solutions Limited,EQ
VLSFINANCE,VLS Finance Limited,EQ
VMART,V-Mart Retail Limited,EQ
VMM,Vishal Mega Mart Limited,EQ
VMSTMT,VMS TMT Limited,EQ
VOEPL,Virtuoso Optoelectronics Limited,EQ
VOGL,Vedanta Oil and Gas Limited,EQ
VOITHPAPR,Voith Paper Fabrics India Limited,EQ
VOLTAMP,Voltamp Transformers Limited,EQ
VOLTAS,Voltas Limited,EQ
VPRPL,Vishnu Prakash R Punglia Limited,EQ
VRAJ,Vraj Iron and Steel Limited,EQ
VRLLOG,VRL Logistics Limited,EQ
VSSL,Vardhman Special Steels Limited,EQ
VSTIND,VST Industries Limited,EQ
VSTL,Vibhor Steel Tubes Limited,EQ
VSTTILLERS,V.S.T Tillers Tractors Limited,EQ
VTL,Vardhman Textiles Limited,EQ
VTMLTD,VTM Limited,EQ
WAAREEENER,Waaree Energies Limited,EQ
WAAREEINDO,Indosolar Limited,EQ
WAAREERTL,Waaree Renewable Technologies Limited,EQ
WABAG,VA Tech Wabag Limited,EQ
WAKEFIT,Wakefit Innovations Limited,EQ
WALCHANNAG,Walchandnagar Industries Limited,EQ
WANBURY,Wanbury Limited,EQ
WARDINMOBI,Wardwizard Innovations & Mobility Limited,EQ
WATERBASE,Waterbase Limited,EQ
WCIL,Western Carriers (India) Limited,EQ
WEALTH,Wealth First Portfolio Managers Limited,EQ
WEBELSOLAR,Websol Energy System Limited,EQ
WEIZMANIND,Weizmann Limited,EQ
WEL,Wonder Electricals Limited,EQ
WELCORP,Welspun Corp Limited,EQ
WELENT,Welspun Enterprises Limited,EQ
WELSPLSOL,Welspun Specialty Solutions Limited,EQ
WELSPUNLIV,Welspun Living Limited,EQ
WENDT,Wendt (India) Limited,EQ
WESTLIFE,WESTLIFE FOODWORLD LIMITED,EQ
WEWIN,WE WIN LIMITED,EQ
WEWORK,WeWork India Management Limited,EQ
WHBRADY,WH Brady & Company Limited,EQ
WHEELS,Wheels India Limited,EQ
WHIRLPOOL,Whirlpool of India Limited,EQ
WILLAMAGOR,Williamson Magor & Company Limited,EQ
WINDLAS,Windlas Biotech Limited,EQ
WINDMACHIN,Windsor Machines Limited,EQ
WIPL,The Western India Plywoods Limited,EQ
WIPRO,Wipro Limited,EQ
WOCKPHARMA,Wockhardt Limited,EQ
WONDERLA,Wonderla Holidays Limited,EQ
WORTHPERI,Worth Peripherals Limited,EQ
WPIL,WPIL Limited,EQ
WSI,W S Industries (I) Limited,EQ
WSTCSTPAPR,West Coast Paper Mills Limited,EQ
XCHANGING,Xchanging Solutions Limited,EQ
XELPMOC,Xelpmoc Design And Tech Limited,EQ
XPROINDIA,Xpro India Limited,EQ
XTGLOBAL,Xtglobal Infotech Limited,EQ
XTRANET,Xtranet Technologies Limited,EQ
YASHO,Yasho Industries Limited,EQ
YATHARTH,Yatharth Hospital & Trauma Care Services Limited,EQ
YATRA,Yatra Online Limited,EQ
YESBANK,Yes Bank Limited,EQ
YOGI,Yogi Limited,EQ
YUKEN,Yuken India Limited,EQ
ZAGGLE,Zaggle Prepaid Ocean Services Limited,EQ
ZEEL,Zee Entertainment Enterprises Limited,EQ
ZEELEARN,Zee Learn Limited,EQ
ZEEMEDIA,Zee Media Corporation Limited,EQ
ZENITHEXPO,Zenith Exports Limited,EQ
ZENITHSTL,Zenith Steel Pipes & Industries Limited,EQ
ZENSARTECH,Zensar Technologies Limited,EQ
ZENTEC,Zen Technologies Limited,EQ
ZFCVINDIA,ZF Commercial Vehicle Control Systems India Limited,EQ
ZFSTEERING,ZF Steering Gear (India) Limited,EQ
ZIMLAB,Zim Laboratories Limited,EQ
ZODIAC,Zodiac Energy Limited,EQ
ZODIACLOTH,Zodiac Clothing Company Limited,EQ
ZOTA,Zota Health Care LImited,EQ
ZSARACOM,Saraswati Commercial India Limited,EQ
ZUARI,Zuari Agro Chemicals Limited,EQ
ZUARIIND,ZUARI INDUSTRIES LIMITED,EQ
ZYDUSLIFE,Zydus Lifesciences Limited,EQ
ZYDUSWELL,Zydus Wellness Limited,EQ
